average_slowdown,mean_completion_time,p95_completion_time,utilization,task_failure_rate,tasks_arrived,tasks_failed,scenario,severity,severity_rank,method,seed,degradation_pct
4.218576388888889,14.010416666666666,40.25,0.5657552083333334,0.23958333333333334,96.0,23.0,clean,clean,0,heuristic_sjf_bestfit,0,0.0
5.544140625000001,17.619791666666664,47.59375,0.5284016927083333,0.33723958333333337,96.0,32.375,observation_noise,low,1,heuristic_sjf_bestfit,0,31.42207498250959
6.011458333333334,18.688802083333332,47.34375,0.5152180989583333,0.35677083333333337,96.0,34.25,observation_noise,medium,2,heuristic_sjf_bestfit,0,42.499691345322866
6.863585069444444,20.944010416666668,52.1875,0.5032552083333333,0.3971354166666667,96.0,38.125,observation_noise,high,3,heuristic_sjf_bestfit,0,62.69908226675994
4.218576388888889,14.010416666666666,40.25,0.5657552083333334,0.23958333333333334,96.0,23.0,reward_corruption,low,1,heuristic_sjf_bestfit,0,0.0
4.218576388888889,14.010416666666666,40.25,0.5657552083333334,0.23958333333333334,96.0,23.0,reward_corruption,medium,2,heuristic_sjf_bestfit,0,0.0
4.218576388888889,14.010416666666666,40.25,0.5657552083333334,0.23958333333333334,96.0,23.0,reward_corruption,high,3,heuristic_sjf_bestfit,0,0.0
2.5168122694522532,7.630534552658405,21.387499999999996,0.4081217447916667,0.10351076007111926,89.25,9.375,distribution_shift,low,1,heuristic_sjf_bestfit,0,-40.33977253366402
5.423681757128198,15.998631750556019,58.037499999999994,0.45947265625,0.28404682019715366,115.375,34.5,distribution_shift,medium,2,heuristic_sjf_bestfit,0,28.566636162222395
7.815248686517045,23.965872693997074,68.46875,0.5030110677083334,0.48489564557456627,146.75,72.125,distribution_shift,high,3,heuristic_sjf_bestfit,0,85.25796302044604
7.0810546875,22.013020833333336,59.03125,0.45906575520833337,0.42708333333333337,96.0,41.0,co_tenant_interference,low,1,heuristic_sjf_bestfit,0,67.85412979958024
8.05134548611111,24.571614583333336,62.0625,0.42024739583333337,0.48177083333333337,96.0,46.25,co_tenant_interference,medium,2,heuristic_sjf_bestfit,0,90.85456191612822
8.970225694444444,27.395833333333332,66.4375,0.37003580729166663,0.5377604166666666,96.0,51.625,co_tenant_interference,high,3,heuristic_sjf_bestfit,0,112.63632248240668
6.873437499999999,21.614583333333332,60.0,0.4583333333333333,0.4166666666666667,96.0,40.0,co_tenant_matched_load_control,low,1,heuristic_sjf_bestfit,0,62.93263097246797
6.873437499999999,21.614583333333332,60.0,0.4583333333333333,0.4166666666666667,96.0,40.0,co_tenant_matched_load_control,medium,2,heuristic_sjf_bestfit,0,62.93263097246797
8.022048611111112,24.916666666666668,62.0,0.4016927083333333,0.4895833333333333,96.0,47.0,co_tenant_matched_load_control,high,3,heuristic_sjf_bestfit,0,90.16008889254704
3.637152777777778,13.770833333333334,73.5,0.5390625,0.22916666666666666,96.0,22.0,clean,clean,0,deeprm_inspired_pg,0,0.0
5.177018229166666,18.04296875,82.28125,0.4853515625,0.3125,96.0,30.0,observation_noise,low,1,deeprm_inspired_pg,0,42.33711217183769
4.993641493055556,18.044270833333332,82.1875,0.46590169270833337,0.30859375,96.0,29.625,observation_noise,medium,2,deeprm_inspired_pg,0,37.2953460620525
6.204123263888889,20.690104166666664,85.59375,0.4466145833333333,0.36588541666666663,96.0,35.125,observation_noise,high,3,deeprm_inspired_pg,0,70.57637231503577
4.1125,15.052083333333334,73.5,0.498046875,0.2708333333333333,96.0,26.0,reward_corruption,low,1,deeprm_inspired_pg,0,13.069212410501178
5.085416666666666,19.677083333333332,85.0,0.40625,0.34375,96.0,33.0,reward_corruption,medium,2,deeprm_inspired_pg,0,39.81861575178995
17.66111111111111,52.5,94.5,0.0,1.0,96.0,96.0,reward_corruption,high,3,deeprm_inspired_pg,0,385.5751789976133
3.9701195143192294,10.639854599518834,43.637499999999974,0.3873697916666667,0.16257802370808552,89.25,14.625,distribution_shift,low,1,deeprm_inspired_pg,0,9.154598579850878
6.683931875233549,18.454509549417562,68.85624999999999,0.45182291666666663,0.3245990323698563,115.375,38.875,distribution_shift,medium,2,deeprm_inspired_pg,0,83.76824630713718
8.874010518623916,25.656387494833858,76.01249999999999,0.5127766927083333,0.5069791048736495,146.75,75.5,distribution_shift,high,3,deeprm_inspired_pg,0,143.98234170536395
4.974240451388889,19.217447916666664,84.5,0.41552734375,0.3359375,96.0,32.25,co_tenant_interference,low,1,deeprm_inspired_pg,0,36.76193317422433
5.321701388888889,20.044270833333332,85.25,0.40950520833333337,0.35286458333333337,96.0,33.875,co_tenant_interference,medium,2,deeprm_inspired_pg,0,46.31503579952266
6.414192708333333,22.524739583333336,86.6875,0.3756510416666667,0.40625,96.0,39.0,co_tenant_interference,high,3,deeprm_inspired_pg,0,76.35202863961811
5.085416666666666,19.677083333333332,85.0,0.40625,0.34375,96.0,33.0,co_tenant_matched_load_control,low,1,deeprm_inspired_pg,0,39.81861575178995
5.085416666666666,19.677083333333332,85.0,0.40625,0.34375,96.0,33.0,co_tenant_matched_load_control,medium,2,deeprm_inspired_pg,0,39.81861575178995
5.085416666666666,19.677083333333332,85.0,0.40625,0.34375,96.0,33.0,co_tenant_matched_load_control,high,3,deeprm_inspired_pg,0,39.81861575178995
3.3252387152777776,12.3125,71.3125,0.5836588541666666,0.18880208333333331,96.0,18.125,clean,clean,0,plain_dqn,0,0.0
5.750737847222222,17.977864583333332,81.3125,0.51611328125,0.30338541666666663,96.0,29.125,observation_noise,low,1,plain_dqn,0,72.94210550359924
5.163454861111111,17.234375,78.15625,0.4983723958333333,0.29557291666666663,96.0,28.375,observation_noise,medium,2,plain_dqn,0,55.2807272869664
6.035221354166667,20.240885416666668,84.40625,0.4424641927083333,0.35286458333333337,96.0,33.875,observation_noise,high,3,plain_dqn,0,81.4973862308862
3.5665798611111117,12.51171875,72.25,0.589599609375,0.19010416666666666,96.0,18.25,reward_corruption,low,1,plain_dqn,0,7.25785925457004
10.982812500000001,34.33203125,86.9375,0.20320638020833334,0.6861979166666667,96.0,65.875,reward_corruption,medium,2,plain_dqn,0,230.2864377688006
13.56501736111111,39.4140625,79.65625,0.2774251302083333,0.7317708333333334,96.0,70.25,reward_corruption,high,3,plain_dqn,0,307.941159195181
4.11866079471733,10.968592104730178,41.406249999999986,0.38525390625,0.17231193906256914,89.25,15.5,distribution_shift,low,1,plain_dqn,0,23.860605128713996
7.1102619021946944,19.493052724103983,66.99374999999998,0.430908203125,0.3479678674198767,115.375,41.75,distribution_shift,medium,2,plain_dqn,0,113.82711170559467
9.011163033256064,26.45371746556047,74.31875000000001,0.468505859375,0.5335074071505451,146.75,79.125,distribution_shift,high,3,plain_dqn,0,170.9929663652225
6.9983940972222225,20.94921875,85.65625,0.48193359375,0.36588541666666663,96.0,35.125,co_tenant_interference,low,1,plain_dqn,0,110.46290797313792
5.666840277777778,19.587239583333336,84.3125,0.42830403645833337,0.33333333333333337,96.0,32.0,co_tenant_interference,medium,2,plain_dqn,0,70.4190514726517
6.194184027777778,21.877604166666664,85.8125,0.3876953125,0.3763020833333333,96.0,36.125,co_tenant_interference,high,3,plain_dqn,0,86.27787530918182
7.535568576388888,21.751302083333336,86.25,0.47998046875,0.38411458333333337,96.0,36.875,co_tenant_matched_load_control,low,1,plain_dqn,0,126.61737161205271
7.528689236111111,21.723958333333336,86.25,0.481201171875,0.38151041666666663,96.0,36.625,co_tenant_matched_load_control,medium,2,plain_dqn,0,126.41048901303297
5.157443576388889,18.463541666666664,85.0,0.4239908854166667,0.30338541666666663,96.0,29.125,co_tenant_matched_load_control,high,3,plain_dqn,0,55.09994974775988
4.218576388888889,14.010416666666666,40.25,0.5657552083333334,0.23958333333333334,96.0,23.0,clean,clean,0,heuristic_sjf_bestfit,1,0.0
5.694574652777778,17.872395833333336,47.71875,0.5235188802083333,0.34635416666666663,96.0,33.25,observation_noise,low,1,heuristic_sjf_bestfit,1,34.98806535248365
6.037977430555555,18.736979166666664,48.96875,0.519775390625,0.3619791666666667,96.0,34.75,observation_noise,medium,2,heuristic_sjf_bestfit,1,43.12831803777933
7.0599609375000005,21.34765625,52.8125,0.5003255208333334,0.39583333333333337,96.0,38.0,observation_noise,high,3,heuristic_sjf_bestfit,1,67.35410922260178
4.218576388888889,14.010416666666666,40.25,0.5657552083333334,0.23958333333333334,96.0,23.0,reward_corruption,low,1,heuristic_sjf_bestfit,1,0.0
4.218576388888889,14.010416666666666,40.25,0.5657552083333334,0.23958333333333334,96.0,23.0,reward_corruption,medium,2,heuristic_sjf_bestfit,1,0.0
4.218576388888889,14.010416666666666,40.25,0.5657552083333334,0.23958333333333334,96.0,23.0,reward_corruption,high,3,heuristic_sjf_bestfit,1,0.0
2.5844420607559195,7.5560935597493035,25.493749999999977,0.38818359375,0.09489269458349875,86.625,8.875,distribution_shift,low,1,heuristic_sjf_bestfit,1,-38.736630026115904
4.5181369773811015,13.777541412212555,44.52499999999999,0.451416015625,0.27161590930694357,107.0,31.0,distribution_shift,medium,2,heuristic_sjf_bestfit,1,7.100987652640626
8.946754200472622,27.252209263357877,74.87499999999999,0.4949544270833333,0.4799797835081919,147.125,71.625,distribution_shift,high,3,heuristic_sjf_bestfit,1,112.07993824734476
7.058268229166667,22.005208333333332,59.0625,0.45572916666666663,0.41796875,96.0,40.125,co_tenant_interference,low,1,heuristic_sjf_bestfit,1,67.31398411457263
7.9917968749999995,24.36328125,61.5625,0.4200846354166667,0.4739583333333333,96.0,45.5,co_tenant_interference,medium,2,heuristic_sjf_bestfit,1,89.44298119264167
8.716861979166666,26.618489583333336,64.96875,0.37369791666666663,0.5338541666666667,96.0,51.25,co_tenant_interference,high,3,heuristic_sjf_bestfit,1,106.63041688958393
6.873437499999999,21.614583333333332,60.0,0.4583333333333333,0.4166666666666667,96.0,40.0,co_tenant_matched_load_control,low,1,heuristic_sjf_bestfit,1,62.93263097246797
6.873437499999999,21.614583333333332,60.0,0.4583333333333333,0.4166666666666667,96.0,40.0,co_tenant_matched_load_control,medium,2,heuristic_sjf_bestfit,1,62.93263097246797
8.022048611111112,24.916666666666668,62.0,0.4016927083333333,0.4895833333333333,96.0,47.0,co_tenant_matched_load_control,high,3,heuristic_sjf_bestfit,1,90.16008889254704
8.34392361111111,25.020833333333332,58.0,0.3033854166666667,0.6145833333333334,96.0,59.0,clean,clean,0,deeprm_inspired_pg,1,0.0
8.278667534722222,25.58984375,60.65625,0.27840169270833337,0.6276041666666667,96.0,60.25,observation_noise,low,1,deeprm_inspired_pg,1,-0.7820790245729263
8.982356770833334,27.5234375,63.65625,0.259765625,0.6575520833333334,96.0,63.125,observation_noise,medium,2,deeprm_inspired_pg,1,7.651474168244544
9.527821180555556,28.881510416666664,69.46875,0.259033203125,0.6653645833333333,96.0,63.875,observation_noise,high,3,deeprm_inspired_pg,1,14.188739310459637
10.189409722222223,30.541666666666668,68.25,0.21875,0.71875,96.0,69.0,reward_corruption,low,1,deeprm_inspired_pg,1,22.1177253906494
3.912326388888889,13.135416666666666,72.0,0.5794270833333334,0.23958333333333334,96.0,23.0,reward_corruption,medium,2,deeprm_inspired_pg,1,-53.111670585297844
17.66111111111111,52.5,94.5,0.0,1.0,96.0,96.0,reward_corruption,high,3,deeprm_inspired_pg,1,111.66434323047795
6.5873432633064155,16.89494644490322,61.125,0.2314453125,0.44421710136019577,86.625,39.25,distribution_shift,low,1,deeprm_inspired_pg,1,-21.052210323037478
8.138449816769297,22.533441654032483,58.087499999999984,0.2539876302083333,0.5914280449787801,107.0,65.5,distribution_shift,medium,2,deeprm_inspired_pg,1,-2.4625560338087937
12.185075446241903,35.295361437550085,80.36249999999998,0.256591796875,0.745115543415112,147.125,110.375,distribution_shift,high,3,deeprm_inspired_pg,1,46.03531880392286
9.559331597222222,29.139322916666664,65.25,0.2431640625,0.68359375,96.0,65.625,co_tenant_interference,low,1,deeprm_inspired_pg,1,14.56638438650882
9.994292534722224,30.395833333333332,67.9375,0.230224609375,0.7018229166666666,96.0,67.375,co_tenant_interference,medium,2,deeprm_inspired_pg,1,19.779290901146485
10.680121527777779,32.513020833333336,70.9375,0.19930013020833334,0.734375,96.0,70.5,co_tenant_interference,high,3,deeprm_inspired_pg,1,27.998793200307965
9.223611111111111,28.09375,63.25,0.2565104166666667,0.6666666666666666,96.0,64.0,co_tenant_matched_load_control,low,1,deeprm_inspired_pg,1,10.542851792513694
9.223611111111111,28.09375,63.25,0.2565104166666667,0.6666666666666666,96.0,64.0,co_tenant_matched_load_control,medium,2,deeprm_inspired_pg,1,10.542851792513694
9.855902777777779,30.0625,68.25,0.224609375,0.6979166666666666,96.0,67.0,co_tenant_matched_load_control,high,3,deeprm_inspired_pg,1,18.120721582988306
3.1684678819444443,12.06640625,67.8125,0.5758463541666667,0.18880208333333331,96.0,18.125,clean,clean,0,plain_dqn,1,0.0
4.319552951388888,16.62109375,80.0,0.4501953125,0.27734375,96.0,26.625,observation_noise,low,1,plain_dqn,1,36.329390491976184
4.588368055555556,17.236979166666668,80.875,0.443603515625,0.28776041666666663,96.0,27.625,observation_noise,medium,2,plain_dqn,1,44.813462737067056
5.200889756944444,19.272135416666664,82.4375,0.40437825520833337,0.3385416666666667,96.0,32.5,observation_noise,high,3,plain_dqn,1,64.14525728923378
3.9900824652777778,13.696614583333334,77.5,0.5791015625,0.23958333333333334,96.0,23.0,reward_corruption,low,1,plain_dqn,1,25.930974021081763
12.303472222222222,36.22526041666667,88.8125,0.22493489583333334,0.7265625,96.0,69.75,reward_corruption,medium,2,plain_dqn,1,288.3098292500839
8.757682291666667,25.169270833333336,67.8125,0.49934895833333337,0.40625,96.0,39.0,reward_corruption,high,3,plain_dqn,1,176.40116983897593
3.977590731185736,10.439630286246235,43.043749999999996,0.3634440104166667,0.15237429243720152,86.625,13.75,distribution_shift,low,1,plain_dqn,1,25.536722459838995
5.803977272600903,16.6184332912962,58.49374999999999,0.42838541666666663,0.32052704646268826,107.0,36.0,distribution_shift,medium,2,plain_dqn,1,83.1792995496323
9.903033456702083,28.898790997254707,80.51249999999999,0.4964192708333333,0.5001011105011157,147.125,74.5,distribution_shift,high,3,plain_dqn,1,212.54959260072192
4.627625868055556,18.9375,84.1875,0.364990234375,0.3216145833333333,96.0,30.875,co_tenant_interference,low,1,plain_dqn,1,46.05247837373208
4.737738715277778,19.485677083333332,84.40625,0.34716796875,0.33984375,96.0,32.625,co_tenant_interference,medium,2,plain_dqn,1,49.52774942980624
5.184852430555555,20.622395833333336,85.15625,0.33748372395833337,0.37109375,96.0,35.625,co_tenant_interference,high,3,plain_dqn,1,63.639103306096445
4.8333116319444445,19.348958333333336,84.34375,0.36385091145833337,0.33203125,96.0,31.875,co_tenant_matched_load_control,low,1,plain_dqn,1,52.544125805634145
4.682747395833333,19.4375,84.75,0.3451334635416667,0.33333333333333337,96.0,32.0,co_tenant_matched_load_control,medium,2,plain_dqn,1,47.79216865406875
4.705555555555556,19.412760416666664,84.75,0.34049479166666663,0.328125,96.0,31.5,co_tenant_matched_load_control,high,3,plain_dqn,1,48.512016876365564
4.218576388888889,14.010416666666666,40.25,0.5657552083333334,0.23958333333333334,96.0,23.0,clean,clean,0,heuristic_sjf_bestfit,2,0.0
5.6888671875,17.869791666666668,48.8125,0.5223795572916666,0.3359375,96.0,32.25,observation_noise,low,1,heuristic_sjf_bestfit,2,34.85277171900078
6.070030381944444,18.81640625,45.90625,0.521484375,0.36848958333333337,96.0,35.375,observation_noise,medium,2,heuristic_sjf_bestfit,2,43.888122968023374
7.105881076388888,21.450520833333336,53.3125,0.5088704427083334,0.4010416666666667,96.0,38.5,observation_noise,high,3,heuristic_sjf_bestfit,2,68.44263138400756
4.218576388888889,14.010416666666666,40.25,0.5657552083333334,0.23958333333333334,96.0,23.0,reward_corruption,low,1,heuristic_sjf_bestfit,2,0.0
4.218576388888889,14.010416666666666,40.25,0.5657552083333334,0.23958333333333334,96.0,23.0,reward_corruption,medium,2,heuristic_sjf_bestfit,2,0.0
4.218576388888889,14.010416666666666,40.25,0.5657552083333334,0.23958333333333334,96.0,23.0,reward_corruption,high,3,heuristic_sjf_bestfit,2,0.0
2.0158580264661623,6.239080352560708,17.068749999999998,0.3627115885416667,0.06988688572361663,77.0,5.75,distribution_shift,low,1,heuristic_sjf_bestfit,2,-52.214732159985616
6.2488258834325725,18.05935031803766,60.36874999999999,0.45743815104166663,0.3426426935076598,122.5,42.5,distribution_shift,medium,2,heuristic_sjf_bestfit,2,48.12641297407967
8.635976513572462,25.712858851601446,74.58749999999999,0.49625651041666663,0.48258289648013264,152.5,74.0,distribution_shift,high,3,heuristic_sjf_bestfit,2,104.7130528753339
7.138953993055555,22.10546875,57.03125,0.46272786458333337,0.4322916666666667,96.0,41.5,co_tenant_interference,low,1,heuristic_sjf_bestfit,2,69.22661426396148
7.8886067708333325,24.15625,60.28125,0.41910807291666663,0.48567708333333337,96.0,46.625,co_tenant_interference,medium,2,heuristic_sjf_bestfit,2,86.99689287625004
8.753819444444446,26.712239583333336,65.59375,0.37939453125,0.5338541666666666,96.0,51.25,co_tenant_interference,high,3,heuristic_sjf_bestfit,2,107.50648174822014
6.873437499999999,21.614583333333332,60.0,0.4583333333333333,0.4166666666666667,96.0,40.0,co_tenant_matched_load_control,low,1,heuristic_sjf_bestfit,2,62.93263097246797
6.873437499999999,21.614583333333332,60.0,0.4583333333333333,0.4166666666666667,96.0,40.0,co_tenant_matched_load_control,medium,2,heuristic_sjf_bestfit,2,62.93263097246797
8.022048611111112,24.916666666666668,62.0,0.4016927083333333,0.4895833333333333,96.0,47.0,co_tenant_matched_load_control,high,3,heuristic_sjf_bestfit,2,90.16008889254704
3.0442708333333335,11.4375,65.5,0.5826822916666666,0.1875,96.0,18.0,clean,clean,0,deeprm_inspired_pg,2,0.0
4.881814236111111,16.178385416666668,78.96875,0.4901529947916667,0.28515625,96.0,27.375,observation_noise,low,1,deeprm_inspired_pg,2,60.36070715711435
5.202170138888889,17.674479166666668,80.96875,0.4702962239583333,0.3125,96.0,30.0,observation_noise,medium,2,deeprm_inspired_pg,2,70.88394639292841
6.229036458333334,20.903645833333332,84.84375,0.42529296875,0.37369791666666663,96.0,35.875,observation_noise,high,3,deeprm_inspired_pg,2,104.61505560307955
5.882638888888889,16.791666666666668,63.0,0.58203125,0.3229166666666667,96.0,31.0,reward_corruption,low,1,deeprm_inspired_pg,2,93.23638437410892
3.4723958333333336,12.645833333333334,68.5,0.5833333333333334,0.20833333333333334,96.0,20.0,reward_corruption,medium,2,deeprm_inspired_pg,2,14.063301967493587
5.696354166666666,16.979166666666668,39.5,0.5572916666666666,0.3333333333333333,96.0,32.0,reward_corruption,high,3,deeprm_inspired_pg,2,87.1171941830624
2.823580629901562,7.676014761739372,22.474999999999994,0.353759765625,0.10661752288976159,77.0,8.625,distribution_shift,low,1,deeprm_inspired_pg,2,-7.2493616867237245
7.1117530481773334,19.414054552330754,66.98749999999998,0.452392578125,0.36840826770320645,122.5,45.625,distribution_shift,medium,2,deeprm_inspired_pg,2,133.61104965783542
9.431714583930338,26.90937450061282,80.42499999999998,0.49910481770833337,0.5049528258894154,152.5,77.375,distribution_shift,high,3,deeprm_inspired_pg,2,209.81851156794266
5.7669921875,18.412760416666664,80.34375,0.445068359375,0.33203125,96.0,31.875,co_tenant_interference,low,1,deeprm_inspired_pg,2,89.43755346449956
5.270920138888888,18.639322916666668,82.03125,0.4193522135416667,0.33463541666666663,96.0,32.125,co_tenant_interference,medium,2,deeprm_inspired_pg,2,73.14228685486168
5.512782118055555,20.436197916666664,84.03125,0.37939453125,0.36848958333333337,96.0,35.375,co_tenant_interference,high,3,deeprm_inspired_pg,2,81.08711149130309
6.309722222222223,19.09375,82.25,0.4498697916666667,0.34375,96.0,33.0,co_tenant_matched_load_control,low,1,deeprm_inspired_pg,2,107.26546906187625
6.328472222222222,19.083333333333332,82.25,0.453125,0.34375,96.0,33.0,co_tenant_matched_load_control,medium,2,deeprm_inspired_pg,2,107.88138009694893
3.7784722222222222,15.78125,78.75,0.3990885416666667,0.28125,96.0,27.0,co_tenant_matched_load_control,high,3,deeprm_inspired_pg,2,24.11747932706016
3.286501736111111,12.317708333333332,71.5,0.5806477864583333,0.1875,96.0,18.0,clean,clean,0,plain_dqn,2,0.0
5.4818359375,18.143229166666664,81.5,0.4881184895833333,0.30729166666666663,96.0,29.5,observation_noise,low,1,plain_dqn,2,66.79851032078287
5.6884548611111105,18.971354166666668,81.21875,0.49226888020833337,0.3216145833333333,96.0,30.875,observation_noise,medium,2,plain_dqn,2,73.08540563384
6.070638020833334,20.725260416666668,85.28125,0.43033854166666663,0.359375,96.0,34.5,observation_noise,high,3,plain_dqn,2,84.7142800544103
6.313563368055555,20.203125,92.5,0.506103515625,0.3372395833333333,96.0,32.375,reward_corruption,low,1,plain_dqn,2,92.1058887230755
9.85525173611111,30.505208333333336,92.0,0.40022786458333337,0.47135416666666663,96.0,45.25,reward_corruption,medium,2,plain_dqn,2,199.87057751482416
9.094618055555554,27.96484375,64.3125,0.244140625,0.66015625,96.0,63.375,reward_corruption,high,3,plain_dqn,2,176.7264035076134
3.240600904135606,8.714724705119442,24.29374999999999,0.3434244791666667,0.1257243133688649,77.0,10.0,distribution_shift,low,1,plain_dqn,2,-1.3966471239360743
7.446141493176121,20.0446442341158,67.79999999999998,0.45939127604166663,0.3757425759390596,122.5,46.625,distribution_shift,medium,2,plain_dqn,2,126.56739874378023
9.62302305620965,27.624402481237897,78.60624999999999,0.48917643229166663,0.5130908637694589,152.5,78.625,distribution_shift,high,3,plain_dqn,2,192.80444158829167
7.496853298611111,22.520833333333336,85.15625,0.4507649739583333,0.39192708333333337,96.0,37.625,co_tenant_interference,low,1,plain_dqn,2,128.1104317164327
6.068923611111111,20.598958333333332,84.09375,0.40478515625,0.35286458333333337,96.0,33.875,co_tenant_interference,medium,2,plain_dqn,2,84.66211486905878
5.799522569444444,20.98828125,84.09375,0.3794759114583333,0.37109375,96.0,35.625,co_tenant_interference,high,3,plain_dqn,2,76.46491726205412
8.178255208333333,23.4921875,86.3125,0.4694010416666667,0.40885416666666663,96.0,39.25,co_tenant_matched_load_control,low,1,plain_dqn,2,148.84378177784234
8.505794270833334,23.936197916666668,86.3125,0.48583984375,0.42838541666666663,96.0,41.125,co_tenant_matched_load_control,medium,2,plain_dqn,2,158.80997345518418
5.678059895833333,20.173177083333336,85.0,0.38395182291666663,0.34635416666666663,96.0,33.25,co_tenant_matched_load_control,high,3,plain_dqn,2,72.7691129277215
4.218576388888889,14.010416666666666,40.25,0.5657552083333334,0.23958333333333334,96.0,23.0,clean,clean,0,heuristic_sjf_bestfit,3,0.0
5.652842881944444,17.8046875,47.59375,0.52001953125,0.33723958333333337,96.0,32.375,observation_noise,low,1,heuristic_sjf_bestfit,3,33.99882711222684
6.21174045138889,19.268229166666664,50.0625,0.5148111979166666,0.36848958333333337,96.0,35.375,observation_noise,medium,2,heuristic_sjf_bestfit,3,47.24731470430884
6.729817708333334,20.690104166666664,53.21875,0.5015462239583333,0.38411458333333337,96.0,36.875,observation_noise,high,3,heuristic_sjf_bestfit,3,59.52816988353432
4.218576388888889,14.010416666666666,40.25,0.5657552083333334,0.23958333333333334,96.0,23.0,reward_corruption,low,1,heuristic_sjf_bestfit,3,0.0
4.218576388888889,14.010416666666666,40.25,0.5657552083333334,0.23958333333333334,96.0,23.0,reward_corruption,medium,2,heuristic_sjf_bestfit,3,0.0
4.218576388888889,14.010416666666666,40.25,0.5657552083333334,0.23958333333333334,96.0,23.0,reward_corruption,high,3,heuristic_sjf_bestfit,3,0.0
2.1909583203261978,6.586412350324128,18.09999999999999,0.3777669270833333,0.09313344247323987,83.625,8.375,distribution_shift,low,1,heuristic_sjf_bestfit,3,-48.06403586534878
4.837798758593381,14.798590558103292,46.63749999999998,0.47200520833333337,0.2362013578629078,107.375,26.125,distribution_shift,medium,2,heuristic_sjf_bestfit,3,14.678467630346422
8.436015389700398,25.15291309761467,72.91874999999999,0.5100911458333334,0.47771620031562423,147.875,71.5,distribution_shift,high,3,heuristic_sjf_bestfit,3,99.97303858049422
6.8580512152777775,21.467447916666664,59.40625,0.4593098958333333,0.41145833333333337,96.0,39.5,co_tenant_interference,low,1,heuristic_sjf_bestfit,3,62.56790402897238
7.8701171875,24.03125,61.1875,0.4239095052083333,0.47135416666666663,96.0,45.25,co_tenant_interference,medium,2,heuristic_sjf_bestfit,3,86.55860323470102
8.553841145833335,26.06640625,63.0,0.3821614583333333,0.5234375,96.0,50.25,co_tenant_interference,high,3,heuristic_sjf_bestfit,3,102.76606033170094
6.873437499999999,21.614583333333332,60.0,0.4583333333333333,0.4166666666666667,96.0,40.0,co_tenant_matched_load_control,low,1,heuristic_sjf_bestfit,3,62.93263097246797
6.873437499999999,21.614583333333332,60.0,0.4583333333333333,0.4166666666666667,96.0,40.0,co_tenant_matched_load_control,medium,2,heuristic_sjf_bestfit,3,62.93263097246797
8.022048611111112,24.916666666666668,62.0,0.4016927083333333,0.4895833333333333,96.0,47.0,co_tenant_matched_load_control,high,3,heuristic_sjf_bestfit,3,90.16008889254704
4.459722222222223,15.322916666666666,76.5,0.505859375,0.28125,96.0,27.0,clean,clean,0,deeprm_inspired_pg,3,0.0
4.8118272569444445,17.3203125,79.75,0.47127278645833337,0.3033854166666667,96.0,29.125,observation_noise,low,1,deeprm_inspired_pg,3,7.895223450638412
5.058203125,17.73046875,81.875,0.48087565104166663,0.3033854166666667,96.0,29.125,observation_noise,medium,2,deeprm_inspired_pg,3,13.419690127686065
5.99474826388889,20.346354166666664,84.28125,0.42830403645833337,0.36588541666666663,96.0,35.125,observation_noise,high,3,deeprm_inspired_pg,3,34.41976798505139
4.053819444444444,13.84375,73.5,0.5852864583333334,0.23958333333333334,96.0,23.0,reward_corruption,low,1,deeprm_inspired_pg,3,-9.101526004360045
3.0107638888888886,11.34375,65.5,0.5930989583333334,0.17708333333333334,96.0,17.0,reward_corruption,medium,2,deeprm_inspired_pg,3,-32.48987854251014
17.380381944444444,51.729166666666664,88.0,0.061197916666666664,0.9166666666666666,96.0,88.0,reward_corruption,high,3,deeprm_inspired_pg,3,289.7189349112425
3.6244055258192223,9.773972065984879,49.18124999999998,0.353759765625,0.1736537748224712,83.625,14.875,distribution_shift,low,1,deeprm_inspired_pg,3,-18.730240467460618
6.076259983091365,16.67018710122465,69.71249999999999,0.46337890625,0.268251726968252,107.375,29.375,distribution_shift,medium,2,deeprm_inspired_pg,3,36.24749884228533
9.413611097584178,26.75974630189929,83.06875,0.5213216145833334,0.4944836759376003,147.875,73.75,distribution_shift,high,3,deeprm_inspired_pg,3,111.08065992714442
5.027213541666667,19.395833333333332,84.6875,0.4102376302083333,0.33984375,96.0,32.625,co_tenant_interference,low,1,deeprm_inspired_pg,3,12.724813142323246
5.4515190972222225,20.326822916666664,85.625,0.4055989583333333,0.3567708333333333,96.0,34.25,co_tenant_interference,medium,2,deeprm_inspired_pg,3,22.238983182809076
6.917730034722222,23.565104166666668,87.1875,0.3826497395833333,0.41796875,96.0,40.125,co_tenant_interference,high,3,deeprm_inspired_pg,3,55.11571550918714
5.085416666666666,19.677083333333332,85.0,0.40625,0.34375,96.0,33.0,co_tenant_matched_load_control,low,1,deeprm_inspired_pg,3,14.029897228277765
5.085416666666666,19.677083333333332,85.0,0.40625,0.34375,96.0,33.0,co_tenant_matched_load_control,medium,2,deeprm_inspired_pg,3,14.029897228277765
5.085416666666666,19.677083333333332,85.0,0.40625,0.34375,96.0,33.0,co_tenant_matched_load_control,high,3,deeprm_inspired_pg,3,14.029897228277765
3.0597439236111112,11.493489583333332,65.5,0.5890299479166667,0.1796875,96.0,17.25,clean,clean,0,plain_dqn,3,0.0
5.493207465277778,17.149739583333336,78.84375,0.5177408854166666,0.2981770833333333,96.0,28.625,observation_noise,low,1,plain_dqn,3,79.53160795216785
5.36736111111111,17.375,78.5625,0.5074055989583333,0.30859375,96.0,29.625,observation_noise,medium,2,plain_dqn,3,75.41863780471368
6.273849826388889,20.505208333333336,82.125,0.456787109375,0.3671875,96.0,35.25,observation_noise,high,3,plain_dqn,3,105.04493130864653
5.794878472222221,20.408854166666668,94.25,0.4801432291666667,0.2890625,96.0,27.75,reward_corruption,low,1,plain_dqn,3,89.39096267190565
13.619921875,39.74739583333333,92.96875,0.2699381510416667,0.6692708333333333,96.0,64.25,reward_corruption,medium,2,plain_dqn,3,345.13273708623825
17.18628472222222,51.079427083333336,86.875,0.082763671875,0.8997395833333334,96.0,86.375,reward_corruption,high,3,plain_dqn,3,461.69029668139535
3.3583902660740383,9.121569091971292,26.34999999999996,0.3594563802083333,0.15274269425487363,83.625,13.25,distribution_shift,low,1,plain_dqn,3,9.76050120267792
6.2734528762204285,17.365211706210527,64.50624999999997,0.45564778645833337,0.27393432485582736,107.375,30.125,distribution_shift,medium,2,plain_dqn,3,105.0319579952461
9.748853937042714,27.812236784184115,82.51875,0.49910481770833337,0.511424729850308,147.875,76.25,distribution_shift,high,3,plain_dqn,3,218.61666140796225
6.0400173611111105,18.828125,81.0625,0.4624837239583333,0.3515625,96.0,33.75,co_tenant_interference,low,1,plain_dqn,3,97.40270793585495
5.235243055555555,18.893229166666664,82.4375,0.42041015625,0.33723958333333337,96.0,32.375,co_tenant_interference,medium,2,plain_dqn,3,71.10069294220278
5.836935763888889,21.071614583333332,84.90625,0.3854166666666667,0.3684895833333333,96.0,35.375,co_tenant_interference,high,3,plain_dqn,3,90.76549899640405
6.454253472222223,19.3671875,81.625,0.473876953125,0.3580729166666667,96.0,34.375,co_tenant_matched_load_control,low,1,plain_dqn,3,110.94096870057379
6.723719618055556,19.803385416666664,81.59375,0.4777018229166667,0.3658854166666667,96.0,35.125,co_tenant_matched_load_control,medium,2,plain_dqn,3,119.74778889732114
4.003927951388889,16.1953125,78.75,0.41316731770833337,0.29427083333333337,96.0,28.25,co_tenant_matched_load_control,high,3,plain_dqn,3,30.85826955948166
4.218576388888889,14.010416666666666,40.25,0.5657552083333334,0.23958333333333334,96.0,23.0,clean,clean,0,heuristic_sjf_bestfit,4,0.0
5.930729166666666,18.365885416666664,46.03125,0.5331217447916666,0.35416666666666663,96.0,34.0,observation_noise,low,1,heuristic_sjf_bestfit,4,40.586032347010146
5.8423828125,18.38671875,47.1875,0.5152180989583334,0.34375,96.0,33.0,observation_noise,medium,2,heuristic_sjf_bestfit,4,38.491810362566376
7.144856770833334,21.536458333333336,52.4375,0.5026041666666666,0.4049479166666667,96.0,38.875,observation_noise,high,3,heuristic_sjf_bestfit,4,69.36653771760156
4.218576388888889,14.010416666666666,40.25,0.5657552083333334,0.23958333333333334,96.0,23.0,reward_corruption,low,1,heuristic_sjf_bestfit,4,0.0
4.218576388888889,14.010416666666666,40.25,0.5657552083333334,0.23958333333333334,96.0,23.0,reward_corruption,medium,2,heuristic_sjf_bestfit,4,0.0
4.218576388888889,14.010416666666666,40.25,0.5657552083333334,0.23958333333333334,96.0,23.0,reward_corruption,high,3,heuristic_sjf_bestfit,4,0.0
2.422737585762459,7.142525344358893,22.693749999999994,0.3418782552083333,0.05982033940249949,72.25,5.0,distribution_shift,low,1,heuristic_sjf_bestfit,4,-42.569782731833556
6.727195727935099,19.684709058302946,66.74999999999999,0.4561360677083333,0.3114005288806382,120.875,40.25,distribution_shift,medium,2,heuristic_sjf_bestfit,4,59.46601667931261
7.953371160984007,23.74487395492092,72.64999999999999,0.495361328125,0.462204754536934,142.75,67.125,distribution_shift,high,3,heuristic_sjf_bestfit,4,88.53211196867314
7.0605685763888895,21.760416666666664,57.71875,0.46337890625,0.42317708333333337,96.0,40.625,co_tenant_interference,low,1,heuristic_sjf_bestfit,4,67.3685131075353
7.722721354166667,23.764322916666668,59.9375,0.4258626302083333,0.47526041666666663,96.0,45.625,co_tenant_interference,medium,2,heuristic_sjf_bestfit,4,83.06463228939462
8.780577256944445,26.833333333333332,64.875,0.36702473958333337,0.5377604166666666,96.0,51.625,co_tenant_interference,high,3,heuristic_sjf_bestfit,4,108.14076710975763
6.873437499999999,21.614583333333332,60.0,0.4583333333333333,0.4166666666666667,96.0,40.0,co_tenant_matched_load_control,low,1,heuristic_sjf_bestfit,4,62.93263097246797
6.873437499999999,21.614583333333332,60.0,0.4583333333333333,0.4166666666666667,96.0,40.0,co_tenant_matched_load_control,medium,2,heuristic_sjf_bestfit,4,62.93263097246797
8.022048611111112,24.916666666666668,62.0,0.4016927083333333,0.4895833333333333,96.0,47.0,co_tenant_matched_load_control,high,3,heuristic_sjf_bestfit,4,90.16008889254704
5.085416666666666,19.677083333333332,85.0,0.40625,0.34375,96.0,33.0,clean,clean,0,deeprm_inspired_pg,4,0.0
5.113606770833333,19.16015625,84.6875,0.425048828125,0.33203125,96.0,31.875,observation_noise,low,1,deeprm_inspired_pg,4,0.5543322408848856
5.875520833333333,19.48046875,84.0,0.4683430989583333,0.33723958333333337,96.0,32.375,observation_noise,medium,2,deeprm_inspired_pg,4,15.536665301106103
6.819509548611111,21.518229166666664,84.03125,0.4502766927083333,0.3828125,96.0,36.75,observation_noise,high,3,deeprm_inspired_pg,4,34.09932746142293
5.085416666666666,19.677083333333332,85.0,0.40625,0.34375,96.0,33.0,reward_corruption,low,1,deeprm_inspired_pg,4,0.0
17.66111111111111,52.5,94.5,0.0,1.0,96.0,96.0,reward_corruption,medium,2,deeprm_inspired_pg,4,247.28936228321726
8.363020833333332,24.4375,57.25,0.3385416666666667,0.5833333333333334,96.0,56.0,reward_corruption,high,3,deeprm_inspired_pg,4,64.45104465383038
5.436111493758672,14.08663842386148,71.78124999999999,0.293212890625,0.20467668660653698,72.25,14.75,distribution_shift,low,1,deeprm_inspired_pg,4,6.896088365594536
8.469943802841762,23.324356551224167,77.60624999999999,0.43302408854166663,0.38394889231704843,120.875,48.5,distribution_shift,medium,2,deeprm_inspired_pg,4,66.55358563556109
9.47248815457636,27.004700006652453,81.8125,0.467041015625,0.5079882581566021,142.75,73.375,distribution_shift,high,3,deeprm_inspired_pg,4,86.26769005311978
5.085416666666666,19.677083333333332,85.0,0.40625,0.34375,96.0,33.0,co_tenant_interference,low,1,deeprm_inspired_pg,4,0.0
5.434114583333334,20.305989583333332,84.96875,0.403564453125,0.359375,96.0,34.5,co_tenant_interference,medium,2,deeprm_inspired_pg,4,6.856820975010258
6.40607638888889,22.986979166666668,86.5,0.35188802083333337,0.4153645833333333,96.0,39.875,co_tenant_interference,high,3,deeprm_inspired_pg,4,25.969547999453802
5.085416666666666,19.677083333333332,85.0,0.40625,0.34375,96.0,33.0,co_tenant_matched_load_control,low,1,deeprm_inspired_pg,4,0.0
5.085416666666666,19.677083333333332,85.0,0.40625,0.34375,96.0,33.0,co_tenant_matched_load_control,medium,2,deeprm_inspired_pg,4,0.0
5.085416666666666,19.677083333333332,85.0,0.40625,0.34375,96.0,33.0,co_tenant_matched_load_control,high,3,deeprm_inspired_pg,4,0.0
3.111284722222222,11.626302083333332,65.5,0.5887858072916667,0.18098958333333334,96.0,17.375,clean,clean,0,plain_dqn,4,0.0
5.400520833333333,17.268229166666668,78.0625,0.515625,0.3059895833333333,96.0,29.375,observation_noise,low,1,plain_dqn,4,73.57848334356342
5.7572265625000005,18.427083333333336,79.59375,0.4976399739583333,0.31640625,96.0,30.375,observation_noise,medium,2,plain_dqn,4,85.04338485575585
6.424088541666666,20.740885416666664,82.9375,0.44637044270833337,0.36197916666666663,96.0,34.75,observation_noise,high,3,plain_dqn,4,106.47703811171253
6.89142795138889,21.436197916666668,94.5,0.52294921875,0.2890625,96.0,27.75,reward_corruption,low,1,plain_dqn,4,121.49782378215505
7.979210069444445,23.545572916666664,81.625,0.4099934895833333,0.49088541666666663,96.0,47.125,reward_corruption,medium,2,plain_dqn,4,156.46029797444342
16.60659722222222,49.31119791666667,91.34375,0.05590820312499999,0.9361979166666667,96.0,89.875,reward_corruption,high,3,plain_dqn,4,433.7536967803136
4.1650114793499835,11.048183773752417,48.68749999999995,0.310791015625,0.13575347957701867,72.25,10.375,distribution_shift,low,1,plain_dqn,4,33.86789867226108
8.05494142865178,22.292840531679452,75.51249999999999,0.44384765625,0.3635371677931729,120.875,46.375,distribution_shift,medium,2,plain_dqn,4,158.89438440396327
9.039819771741652,26.157703239380837,78.96249999999999,0.46712239583333337,0.4968832935202069,142.75,72.0,distribution_shift,high,3,plain_dqn,4,190.54942182485306
6.488498263888889,19.821614583333336,82.0625,0.46492513020833337,0.359375,96.0,34.5,co_tenant_interference,low,1,plain_dqn,4,108.54723508732775
5.499066840277777,19.032552083333336,82.125,0.43245442708333337,0.33723958333333337,96.0,32.375,co_tenant_interference,medium,2,plain_dqn,4,76.74585681602588
6.2302734375,21.661458333333336,85.125,0.388916015625,0.37890625,96.0,36.375,co_tenant_interference,high,3,plain_dqn,4,100.24761453043918
7.1282335069444445,20.740885416666664,81.90625,0.4803873697916667,0.38151041666666663,96.0,36.625,co_tenant_matched_load_control,low,1,plain_dqn,4,129.1090061938508
7.052756076388889,20.5546875,82.15625,0.48193359375,0.375,96.0,36.0,co_tenant_matched_load_control,medium,2,plain_dqn,4,126.68308130126668
4.365147569444444,16.916666666666664,78.5625,0.41357421875,0.29817708333333337,96.0,28.625,co_tenant_matched_load_control,high,3,plain_dqn,4,40.3004854639808
4.218576388888889,14.010416666666666,40.25,0.5657552083333334,0.23958333333333334,96.0,23.0,clean,clean,0,heuristic_sjf_bestfit,5,0.0
5.722048611111111,18.061197916666668,48.4375,0.521728515625,0.3463541666666667,96.0,33.25,observation_noise,low,1,heuristic_sjf_bestfit,5,35.639326721264254
6.073437500000001,18.94140625,47.5625,0.518310546875,0.359375,96.0,34.5,observation_noise,medium,2,heuristic_sjf_bestfit,5,43.96888760854358
6.978125,21.270833333333336,53.96875,0.497314453125,0.39583333333333337,96.0,38.0,observation_noise,high,3,heuristic_sjf_bestfit,5,65.41421457673157
4.218576388888889,14.010416666666666,40.25,0.5657552083333334,0.23958333333333334,96.0,23.0,reward_corruption,low,1,heuristic_sjf_bestfit,5,0.0
4.218576388888889,14.010416666666666,40.25,0.5657552083333334,0.23958333333333334,96.0,23.0,reward_corruption,medium,2,heuristic_sjf_bestfit,5,0.0
4.218576388888889,14.010416666666666,40.25,0.5657552083333334,0.23958333333333334,96.0,23.0,reward_corruption,high,3,heuristic_sjf_bestfit,5,0.0
2.242956411378712,6.601145252810715,23.137499999999985,0.35791015625,0.07639576120842174,75.125,6.125,distribution_shift,low,1,heuristic_sjf_bestfit,5,-46.83143779768147
4.855364952963893,14.636678716701613,48.581249999999976,0.44970703125,0.2817005359158352,111.375,31.5,distribution_shift,medium,2,heuristic_sjf_bestfit,5,15.094868632750428
8.955748339490917,26.228262762118952,73.13124999999997,0.494873046875,0.48480507712817245,152.5,74.75,distribution_shift,high,3,heuristic_sjf_bestfit,5,112.29314142749777
6.9759331597222225,21.549479166666668,57.875,0.4673665364583333,0.41927083333333337,96.0,40.25,co_tenant_interference,low,1,heuristic_sjf_bestfit,5,65.36225770607845
7.838389756944444,24.15625,61.65625,0.4243977864583333,0.4778645833333333,96.0,45.875,co_tenant_interference,medium,2,heuristic_sjf_bestfit,5,85.80651467138566
8.7966796875,26.751302083333336,65.59375,0.3751627604166667,0.5390625,96.0,51.75,co_tenant_interference,high,3,heuristic_sjf_bestfit,5,108.5224700604963
6.873437499999999,21.614583333333332,60.0,0.4583333333333333,0.4166666666666667,96.0,40.0,co_tenant_matched_load_control,low,1,heuristic_sjf_bestfit,5,62.93263097246797
6.873437499999999,21.614583333333332,60.0,0.4583333333333333,0.4166666666666667,96.0,40.0,co_tenant_matched_load_control,medium,2,heuristic_sjf_bestfit,5,62.93263097246797
8.022048611111112,24.916666666666668,62.0,0.4016927083333333,0.4895833333333333,96.0,47.0,co_tenant_matched_load_control,high,3,heuristic_sjf_bestfit,5,90.16008889254704
6.706944444444445,21.166666666666668,88.5,0.486328125,0.3645833333333333,96.0,35.0,clean,clean,0,deeprm_inspired_pg,5,0.0
7.170616319444444,22.385416666666664,88.84375,0.43961588541666663,0.3802083333333333,96.0,36.5,observation_noise,low,1,deeprm_inspired_pg,5,6.913310209153023
7.849088541666667,23.798177083333336,88.1875,0.4287923177083333,0.3997395833333333,96.0,38.375,observation_noise,medium,2,deeprm_inspired_pg,5,17.029276247670325
8.789735243055555,26.096354166666668,88.0625,0.4086100260416667,0.4466145833333333,96.0,42.875,observation_noise,high,3,deeprm_inspired_pg,5,31.054242596810912
6.885763888888889,19.177083333333332,81.0,0.5598958333333334,0.34375,96.0,33.0,reward_corruption,low,1,deeprm_inspired_pg,5,2.666183474839501
3.0107638888888886,11.34375,65.5,0.5930989583333334,0.17708333333333334,96.0,17.0,reward_corruption,medium,2,deeprm_inspired_pg,5,-55.10975357216815
3.2961805555555554,12.34375,67.0,0.57421875,0.19791666666666666,96.0,19.0,reward_corruption,high,3,deeprm_inspired_pg,5,-50.854214123006834
4.925315729271292,12.790623759882351,63.18124999999992,0.32177734375,0.1914987429904445,75.125,14.625,distribution_shift,low,1,deeprm_inspired_pg,5,-26.563940255221997
6.4147978734010165,18.15146323104009,68.61874999999998,0.41414388020833337,0.34631400208534113,111.375,38.625,distribution_shift,medium,2,deeprm_inspired_pg,5,-4.355881779897875
9.886578445664343,27.909189316611176,80.00625,0.486083984375,0.5009812779536973,152.5,77.125,distribution_shift,high,3,deeprm_inspired_pg,5,47.40808616438862
8.296440972222221,25.231770833333332,90.0625,0.40470377604166663,0.41536458333333337,96.0,39.875,co_tenant_interference,low,1,deeprm_inspired_pg,5,23.699264858148666
10.340234374999998,29.81640625,91.6875,0.38370768229166663,0.48958333333333326,96.0,47.0,co_tenant_interference,medium,2,deeprm_inspired_pg,5,54.1720594325947
11.311762152777778,32.71875,92.71875,0.3413899739583333,0.56640625,96.0,54.375,co_tenant_interference,high,3,deeprm_inspired_pg,5,68.65746013667426
7.388194444444444,23.739583333333332,88.5,0.404296875,0.3958333333333333,96.0,38.0,co_tenant_matched_load_control,low,1,deeprm_inspired_pg,5,10.157382480844886
9.39548611111111,27.854166666666668,92.5,0.3958333333333333,0.4479166666666667,96.0,43.0,co_tenant_matched_load_control,medium,2,deeprm_inspired_pg,5,40.085939117829746
10.468402777777776,30.520833333333332,92.5,0.3821614583333333,0.4895833333333333,96.0,47.0,co_tenant_matched_load_control,high,3,deeprm_inspired_pg,5,56.08303996686681
3.0906249999999997,11.723958333333332,67.5,0.5877278645833334,0.17838541666666669,96.0,17.125,clean,clean,0,plain_dqn,5,0.0
4.511566840277777,16.782552083333332,81.90625,0.4685872395833333,0.27734375,96.0,26.625,observation_noise,low,1,plain_dqn,5,45.97587349735985
4.722439236111111,17.420572916666668,79.90625,0.4701334635416667,0.2942708333333333,96.0,28.25,observation_noise,medium,2,plain_dqn,5,52.79884282664869
5.437738715277778,19.9921875,85.15625,0.4051106770833333,0.34244791666666663,96.0,32.875,observation_noise,high,3,plain_dqn,5,75.94301202112123
9.43708767361111,30.091145833333336,94.5,0.4069010416666667,0.4036458333333333,96.0,38.75,reward_corruption,low,1,plain_dqn,5,205.34560723514213
8.322591145833332,24.182291666666664,86.5,0.44970703125,0.45963541666666663,96.0,44.125,reward_corruption,medium,2,plain_dqn,5,169.28505224132118
16.92282986111111,50.54296875,93.0625,0.015543619791666666,0.9752604166666666,96.0,93.625,reward_corruption,high,3,plain_dqn,5,447.5536456577914
3.593989015353591,9.449319557156286,35.812499999999964,0.3346354166666667,0.14614192341815818,75.125,11.25,distribution_shift,low,1,plain_dqn,5,16.286803327922062
6.184376584103815,17.295524931401047,57.068749999999994,0.433837890625,0.33164132996801915,111.375,37.125,distribution_shift,medium,2,plain_dqn,5,100.10116348970891
10.45972451050455,29.181652973592932,79.13749999999999,0.479736328125,0.5358334211947127,152.5,82.375,distribution_shift,high,3,plain_dqn,5,238.43395787274585
4.654991319444445,18.77734375,83.34375,0.35139973958333337,0.3203125,96.0,30.75,co_tenant_interference,low,1,plain_dqn,5,50.61650376362209
4.715863715277777,19.438802083333332,84.78125,0.337890625,0.33072916666666663,96.0,31.75,co_tenant_interference,medium,2,plain_dqn,5,52.58608583305246
5.092903645833333,20.37890625,85.21875,0.343017578125,0.35546875,96.0,34.125,co_tenant_interference,high,3,plain_dqn,5,64.78555780249411
4.678949652777778,19.657552083333336,84.75,0.306640625,0.33463541666666663,96.0,32.125,co_tenant_matched_load_control,low,1,plain_dqn,5,51.39169756207169
4.683615451388889,19.654947916666668,84.75,0.30859375,0.3359375,96.0,32.25,co_tenant_matched_load_control,medium,2,plain_dqn,5,51.54266374564656
4.871267361111111,19.427083333333336,84.375,0.36604817708333337,0.33723958333333337,96.0,32.375,co_tenant_matched_load_control,high,3,plain_dqn,5,57.6143129985395
4.218576388888889,14.010416666666666,40.25,0.5657552083333334,0.23958333333333334,96.0,23.0,clean,clean,0,heuristic_sjf_bestfit,6,0.0
5.698046875,17.95703125,48.15625,0.5222981770833333,0.33984375,96.0,32.625,observation_noise,low,1,heuristic_sjf_bestfit,6,35.07037326638957
6.327126736111111,19.625,50.6875,0.509765625,0.36848958333333337,96.0,35.375,observation_noise,medium,2,heuristic_sjf_bestfit,6,49.982509568295
7.040494791666667,21.33984375,53.625,0.50927734375,0.39713541666666663,96.0,38.125,observation_noise,high,3,heuristic_sjf_bestfit,6,66.89267048026669
4.218576388888889,14.010416666666666,40.25,0.5657552083333334,0.23958333333333334,96.0,23.0,reward_corruption,low,1,heuristic_sjf_bestfit,6,0.0
4.218576388888889,14.010416666666666,40.25,0.5657552083333334,0.23958333333333334,96.0,23.0,reward_corruption,medium,2,heuristic_sjf_bestfit,6,0.0
4.218576388888889,14.010416666666666,40.25,0.5657552083333334,0.23958333333333334,96.0,23.0,reward_corruption,high,3,heuristic_sjf_bestfit,6,0.0
2.4874371171702494,7.176964058252296,24.45625,0.35506184895833337,0.09695172520037781,79.5,8.75,distribution_shift,low,1,heuristic_sjf_bestfit,6,-41.03610109510417
5.288710999571927,15.75788664072888,51.51249999999999,0.461181640625,0.28068009512971637,112.625,33.125,distribution_shift,medium,2,heuristic_sjf_bestfit,6,25.367197652307905
8.743646860976543,25.86916897089186,72.34375,0.5000813802083334,0.4854232128731364,152.375,76.25,distribution_shift,high,3,heuristic_sjf_bestfit,6,107.26534392042838
7.128819444444444,22.145833333333336,59.78125,0.44661458333333337,0.42317708333333337,96.0,40.625,co_tenant_interference,low,1,heuristic_sjf_bestfit,6,68.98637804024857
7.930143229166666,24.3203125,62.21875,0.417236328125,0.48307291666666663,96.0,46.375,co_tenant_interference,medium,2,heuristic_sjf_bestfit,6,87.98150129634965
8.69997829861111,26.497395833333336,64.0625,0.3839518229166667,0.53125,96.0,51.0,co_tenant_interference,high,3,heuristic_sjf_bestfit,6,106.23019465821638
6.873437499999999,21.614583333333332,60.0,0.4583333333333333,0.4166666666666667,96.0,40.0,co_tenant_matched_load_control,low,1,heuristic_sjf_bestfit,6,62.93263097246797
6.873437499999999,21.614583333333332,60.0,0.4583333333333333,0.4166666666666667,96.0,40.0,co_tenant_matched_load_control,medium,2,heuristic_sjf_bestfit,6,62.93263097246797
8.022048611111112,24.916666666666668,62.0,0.4016927083333333,0.4895833333333333,96.0,47.0,co_tenant_matched_load_control,high,3,heuristic_sjf_bestfit,6,90.16008889254704
17.66111111111111,52.5,94.5,0.0,1.0,96.0,96.0,clean,clean,0,deeprm_inspired_pg,6,0.0
17.66111111111111,52.5,94.5,0.0,1.0,96.0,96.0,observation_noise,low,1,deeprm_inspired_pg,6,0.0
17.66111111111111,52.5,94.5,0.0,1.0,96.0,96.0,observation_noise,medium,2,deeprm_inspired_pg,6,0.0
17.66111111111111,52.5,94.5,0.0,1.0,96.0,96.0,observation_noise,high,3,deeprm_inspired_pg,6,0.0
17.66111111111111,52.5,94.5,0.0,1.0,96.0,96.0,reward_corruption,low,1,deeprm_inspired_pg,6,0.0
12.692013888888889,38.791666666666664,93.25,0.14518229166666666,0.7916666666666666,96.0,76.0,reward_corruption,medium,2,deeprm_inspired_pg,6,-28.135813148788927
12.25277777777778,34.84375,82.5,0.22916666666666666,0.7708333333333334,96.0,74.0,reward_corruption,high,3,deeprm_inspired_pg,6,-30.622837370242202
11.498787147996538,30.490978329837226,88.15625,0.18204752604166666,0.581247150214365,79.5,43.875,distribution_shift,low,1,deeprm_inspired_pg,6,-34.89205137969875
9.119264958078602,24.8701959733624,84.88125,0.37605794270833337,0.46162573789812145,112.625,51.125,distribution_shift,medium,2,deeprm_inspired_pg,6,-48.365281772439495
11.262777470779653,31.353454835686524,88.56249999999999,0.44010416666666663,0.5728112707926348,152.375,88.125,distribution_shift,high,3,deeprm_inspired_pg,6,-36.22837544069401
17.66111111111111,52.5,94.5,0.0,1.0,96.0,96.0,co_tenant_interference,low,1,deeprm_inspired_pg,6,0.0
17.66111111111111,52.5,94.5,0.0,1.0,96.0,96.0,co_tenant_interference,medium,2,deeprm_inspired_pg,6,0.0
17.66111111111111,52.5,94.5,0.0,1.0,96.0,96.0,co_tenant_interference,high,3,deeprm_inspired_pg,6,0.0
17.66111111111111,52.5,94.5,0.0,1.0,96.0,96.0,co_tenant_matched_load_control,low,1,deeprm_inspired_pg,6,0.0
17.66111111111111,52.5,94.5,0.0,1.0,96.0,96.0,co_tenant_matched_load_control,medium,2,deeprm_inspired_pg,6,0.0
17.66111111111111,52.5,94.5,0.0,1.0,96.0,96.0,co_tenant_matched_load_control,high,3,deeprm_inspired_pg,6,0.0
3.0509548611111112,11.450520833333332,65.5,0.5919596354166667,0.18098958333333334,96.0,17.375,clean,clean,0,plain_dqn,6,0.0
4.738780381944445,16.901041666666668,79.71875,0.482421875,0.2890625,96.0,27.75,observation_noise,low,1,plain_dqn,6,55.32122229493273
4.8561414930555555,17.559895833333336,81.53125,0.46346028645833337,0.2981770833333333,96.0,28.625,observation_noise,medium,2,plain_dqn,6,59.167923293595464
5.744618055555556,20.102864583333336,82.84375,0.426513671875,0.34765625,96.0,33.375,observation_noise,high,3,plain_dqn,6,88.28918542123083
4.719639756944445,16.19921875,93.15625,0.5491536458333333,0.22916666666666666,96.0,22.0,reward_corruption,low,1,plain_dqn,6,54.69385722821294
13.319270833333334,40.333333333333336,86.15625,0.23095703125,0.6497395833333334,96.0,62.375,reward_corruption,medium,2,plain_dqn,6,336.56073064557427
15.064583333333333,44.92578125,80.5,0.19148763020833334,0.7760416666666666,96.0,74.5,reward_corruption,high,3,plain_dqn,6,393.7661820354511
3.7209390034079965,9.847100999159718,38.76875,0.33072916666666663,0.16183678981182775,79.5,13.875,distribution_shift,low,1,plain_dqn,6,21.959818246963096
6.96616243398162,19.308480389226506,69.24374999999999,0.43603515625,0.34197942095691136,112.625,39.75,distribution_shift,medium,2,plain_dqn,6,128.32728608264793
9.880376595230834,28.22567156789509,80.75,0.4715169270833333,0.5250844837891521,152.375,82.25,distribution_shift,high,3,plain_dqn,6,223.84538759228155
4.480794270833334,17.821614583333336,83.375,0.404052734375,0.2942708333333333,96.0,28.25,co_tenant_interference,low,1,plain_dqn,6,46.865308561185884
4.8361328125,18.8671875,84.09375,0.40071614583333337,0.32421875,96.0,31.125,co_tenant_interference,medium,2,plain_dqn,6,58.5121062964122
5.121592881944444,20.109375,84.59375,0.35847981770833337,0.36328125,96.0,34.875,co_tenant_interference,high,3,plain_dqn,6,67.86852362932824
4.397677951388889,17.6015625,83.59375,0.400634765625,0.2955729166666667,96.0,28.375,co_tenant_matched_load_control,low,1,plain_dqn,6,44.14103621930749
4.3736328125,17.84765625,84.75,0.3876953125,0.2955729166666667,96.0,28.375,co_tenant_matched_load_control,medium,2,plain_dqn,6,43.352917745469036
4.584353298611111,18.55078125,84.375,0.382568359375,0.30338541666666663,96.0,29.125,co_tenant_matched_load_control,high,3,plain_dqn,6,50.25962386547926
4.218576388888889,14.010416666666666,40.25,0.5657552083333334,0.23958333333333334,96.0,23.0,clean,clean,0,heuristic_sjf_bestfit,7,0.0
5.786935763888889,18.161458333333332,46.90625,0.5253092447916666,0.3489583333333333,96.0,33.5,observation_noise,low,1,heuristic_sjf_bestfit,7,37.177455862381166
6.110720486111111,19.0703125,49.09375,0.5111490885416666,0.3606770833333333,96.0,34.625,observation_noise,medium,2,heuristic_sjf_bestfit,7,44.8526688341084
7.2018446180555555,21.744791666666664,54.625,0.49527994791666663,0.40625,96.0,39.0,observation_noise,high,3,heuristic_sjf_bestfit,7,70.7174163545825
4.218576388888889,14.010416666666666,40.25,0.5657552083333334,0.23958333333333334,96.0,23.0,reward_corruption,low,1,heuristic_sjf_bestfit,7,0.0
4.218576388888889,14.010416666666666,40.25,0.5657552083333334,0.23958333333333334,96.0,23.0,reward_corruption,medium,2,heuristic_sjf_bestfit,7,0.0
4.218576388888889,14.010416666666666,40.25,0.5657552083333334,0.23958333333333334,96.0,23.0,reward_corruption,high,3,heuristic_sjf_bestfit,7,0.0
3.03297567139472,8.835510302653624,28.20624999999999,0.38680013020833337,0.13019367266086587,89.0,12.875,distribution_shift,low,1,heuristic_sjf_bestfit,7,-28.104284673305127
5.220051601451189,15.341629410057562,52.44374999999998,0.47591145833333337,0.2616086607201897,113.625,31.375,distribution_shift,medium,2,heuristic_sjf_bestfit,7,23.73964864545393
8.653338399533759,25.612427805699454,71.875,0.497802734375,0.4603899507112585,143.375,67.875,distribution_shift,high,3,heuristic_sjf_bestfit,7,105.12461081243859
7.0074652777777775,21.78125,57.09375,0.45955403645833337,0.42317708333333337,96.0,40.625,co_tenant_interference,low,1,heuristic_sjf_bestfit,7,66.10971644923659
7.731358506944444,23.619791666666668,61.1875,0.43017578125,0.46875,96.0,45.0,co_tenant_interference,medium,2,heuristic_sjf_bestfit,7,83.26937322523561
8.722200520833333,26.71875,66.5,0.373291015625,0.5325520833333333,96.0,51.125,co_tenant_interference,high,3,heuristic_sjf_bestfit,7,106.75696530721429
6.873437499999999,21.614583333333332,60.0,0.4583333333333333,0.4166666666666667,96.0,40.0,co_tenant_matched_load_control,low,1,heuristic_sjf_bestfit,7,62.93263097246797
6.873437499999999,21.614583333333332,60.0,0.4583333333333333,0.4166666666666667,96.0,40.0,co_tenant_matched_load_control,medium,2,heuristic_sjf_bestfit,7,62.93263097246797
8.022048611111112,24.916666666666668,62.0,0.4016927083333333,0.4895833333333333,96.0,47.0,co_tenant_matched_load_control,high,3,heuristic_sjf_bestfit,7,90.16008889254704
8.446006944444443,26.0,92.5,0.439453125,0.3854166666666667,96.0,37.0,clean,clean,0,deeprm_inspired_pg,7,0.0
8.617773437499999,26.61328125,93.0625,0.42317708333333337,0.41666666666666663,96.0,40.0,observation_noise,low,1,deeprm_inspired_pg,7,2.0337005899401817
8.9755859375,27.649739583333336,93.1875,0.42130533854166663,0.44010416666666663,96.0,42.25,observation_noise,medium,2,deeprm_inspired_pg,7,6.270169993216731
9.285633680555556,29.158854166666664,92.90625,0.376953125,0.47005208333333337,96.0,45.125,observation_noise,high,3,deeprm_inspired_pg,7,9.941108758658984
4.432291666666667,16.552083333333332,85.0,0.5325520833333334,0.25,96.0,24.0,reward_corruption,low,1,deeprm_inspired_pg,7,-47.52204567411456
17.66111111111111,52.5,94.5,0.0,1.0,96.0,96.0,reward_corruption,medium,2,deeprm_inspired_pg,7,109.1060453452281
15.124652777777778,46.927083333333336,92.25,0.01953125,0.9375,96.0,90.0,reward_corruption,high,3,deeprm_inspired_pg,7,79.07459557236534
6.941603904060456,18.267043548556757,83.73124999999996,0.334228515625,0.2691127843740553,89.0,24.125,distribution_shift,low,1,deeprm_inspired_pg,7,-17.812003355899957
8.110209389681508,21.869972845882952,82.65624999999994,0.43505859375,0.36177787077130863,113.625,42.0,distribution_shift,medium,2,deeprm_inspired_pg,7,-3.975814334178521
9.722194366969836,27.6658261101987,84.35624999999999,0.489990234375,0.4785716525119358,143.375,70.375,distribution_shift,high,3,deeprm_inspired_pg,7,15.109949955284307
9.1005859375,27.923177083333332,93.625,0.3926595052083333,0.4401041666666667,96.0,42.25,co_tenant_interference,low,1,deeprm_inspired_pg,7,7.75015930440504
9.995052083333333,29.89453125,93.8125,0.38248697916666663,0.47005208333333337,96.0,45.125,co_tenant_interference,medium,2,deeprm_inspired_pg,7,18.340561984830114
10.726605902777777,32.4453125,94.25,0.3341471354166667,0.5299479166666666,96.0,50.875,co_tenant_interference,high,3,deeprm_inspired_pg,7,27.002096651524194
8.956944444444444,27.75,94.0,0.3893229166666667,0.4375,96.0,42.0,co_tenant_matched_load_control,low,1,deeprm_inspired_pg,7,6.049456309482219
9.31111111111111,28.458333333333332,94.0,0.3880208333333333,0.4479166666666667,96.0,43.0,co_tenant_matched_load_control,medium,2,deeprm_inspired_pg,7,10.242759357849087
9.68611111111111,29.208333333333332,94.0,0.3860677083333333,0.4583333333333333,96.0,44.0,co_tenant_matched_load_control,high,3,deeprm_inspired_pg,7,14.682727291414011
3.1406032986111105,11.815104166666666,67.75,0.5894368489583334,0.18229166666666669,96.0,17.5,clean,clean,0,plain_dqn,7,0.0
4.601953125,17.055989583333332,82.34375,0.46468098958333337,0.2877604166666667,96.0,27.625,observation_noise,low,1,plain_dqn,7,46.5308632591436
4.605772569444445,17.186197916666668,80.03125,0.45548502604166663,0.2955729166666667,96.0,28.375,observation_noise,medium,2,plain_dqn,7,46.652478250955355
5.457421875,19.87890625,83.96875,0.42000325520833337,0.34765625,96.0,33.375,observation_noise,high,3,plain_dqn,7,73.76985744788178
3.5787977430555555,13.436197916666668,72.59375,0.5493977864583334,0.21744791666666666,96.0,20.875,reward_corruption,low,1,plain_dqn,7,13.952556333308017
7.384244791666665,23.084635416666664,84.125,0.428466796875,0.4283854166666667,96.0,41.125,reward_corruption,medium,2,plain_dqn,7,135.1218568398068
17.311349826388888,51.58463541666667,94.03125,0.009033203125,0.9856770833333333,96.0,94.625,reward_corruption,high,3,plain_dqn,7,451.21096746107975
4.710410502582594,12.236234773242437,49.274999999999935,0.3662109375,0.2013197450270192,89.0,19.0,distribution_shift,low,1,plain_dqn,7,49.98425635818791
6.495786721597739,18.030542215026532,62.86874999999998,0.4441731770833333,0.31794284579822707,113.625,37.75,distribution_shift,medium,2,plain_dqn,7,106.83244918167198
9.545671823384485,27.45062618294579,77.56875,0.4730631510416667,0.49175210710400935,143.375,72.25,distribution_shift,high,3,plain_dqn,7,203.943889621651
4.794140625000001,18.78125,82.5625,0.378662109375,0.33072916666666663,96.0,31.75,co_tenant_interference,low,1,plain_dqn,7,52.65030852894235
4.666297743055555,18.782552083333336,83.90625,0.37890625,0.3268229166666667,96.0,31.375,co_tenant_interference,medium,2,plain_dqn,7,48.57966127460805
5.135243055555556,20.518229166666664,86.15625,0.3304036458333333,0.36067708333333337,96.0,34.625,co_tenant_interference,high,3,plain_dqn,7,63.51135649085472
4.715559895833334,19.389322916666664,84.03125,0.32861328125,0.33203125,96.0,31.875,co_tenant_matched_load_control,low,1,plain_dqn,7,50.14821827127057
4.816449652777777,19.40234375,84.75,0.3570149739583333,0.3411458333333333,96.0,32.75,co_tenant_matched_load_control,medium,2,plain_dqn,7,53.3606506402062
4.847612847222222,19.450520833333336,84.0,0.3567708333333333,0.34244791666666663,96.0,32.875,co_tenant_matched_load_control,high,3,plain_dqn,7,54.352918414306366
4.218576388888889,14.010416666666666,40.25,0.5657552083333334,0.23958333333333334,96.0,23.0,clean,clean,0,heuristic_sjf_bestfit,8,0.0
5.695160590277778,17.858072916666664,47.40625,0.5270182291666666,0.34505208333333337,96.0,33.125,observation_noise,low,1,heuristic_sjf_bestfit,8,35.001954812955276
6.154210069444445,19.212239583333336,49.1875,0.5074055989583334,0.36588541666666663,96.0,35.125,observation_noise,medium,2,heuristic_sjf_bestfit,8,45.88357545578008
7.042578125,21.27734375,52.8125,0.5027669270833334,0.40625,96.0,39.0,observation_noise,high,3,heuristic_sjf_bestfit,8,66.94205522861024
4.218576388888889,14.010416666666666,40.25,0.5657552083333334,0.23958333333333334,96.0,23.0,reward_corruption,low,1,heuristic_sjf_bestfit,8,0.0
4.218576388888889,14.010416666666666,40.25,0.5657552083333334,0.23958333333333334,96.0,23.0,reward_corruption,medium,2,heuristic_sjf_bestfit,8,0.0
4.218576388888889,14.010416666666666,40.25,0.5657552083333334,0.23958333333333334,96.0,23.0,reward_corruption,high,3,heuristic_sjf_bestfit,8,0.0
2.3094845798404817,6.912556946611097,19.624999999999996,0.3758951822916667,0.0644827795548068,77.5,5.625,distribution_shift,low,1,heuristic_sjf_bestfit,8,-45.25440890620529
5.456562973402802,16.05087792824486,52.18125,0.46012369791666674,0.28845286094449013,113.625,33.125,distribution_shift,medium,2,heuristic_sjf_bestfit,8,29.346074845879006
8.532387385272362,26.008206705799928,76.7875,0.5139973958333333,0.45994612061300666,143.25,66.5,distribution_shift,high,3,heuristic_sjf_bestfit,8,102.2575058198642
6.947634548611111,21.705729166666664,58.53125,0.45751953125,0.4140625,96.0,39.75,co_tenant_interference,low,1,heuristic_sjf_bestfit,8,64.69144820774518
8.11892361111111,24.79296875,62.53125,0.411865234375,0.4908854166666667,96.0,47.125,co_tenant_interference,medium,2,heuristic_sjf_bestfit,8,92.45647969052223
8.782183159722223,26.8671875,64.03125,0.37320963541666663,0.5403645833333334,96.0,51.875,co_tenant_interference,high,3,heuristic_sjf_bestfit,8,108.17883451993912
6.873437499999999,21.614583333333332,60.0,0.4583333333333333,0.4166666666666667,96.0,40.0,co_tenant_matched_load_control,low,1,heuristic_sjf_bestfit,8,62.93263097246797
6.873437499999999,21.614583333333332,60.0,0.4583333333333333,0.4166666666666667,96.0,40.0,co_tenant_matched_load_control,medium,2,heuristic_sjf_bestfit,8,62.93263097246797
8.022048611111112,24.916666666666668,62.0,0.4016927083333333,0.4895833333333333,96.0,47.0,co_tenant_matched_load_control,high,3,heuristic_sjf_bestfit,8,90.16008889254704
3.6977430555555557,12.5,71.5,0.5924479166666666,0.19791666666666666,96.0,19.0,clean,clean,0,deeprm_inspired_pg,8,0.0
4.934852430555555,16.626302083333332,79.875,0.52001953125,0.28385416666666663,96.0,27.25,observation_noise,low,1,deeprm_inspired_pg,8,33.455796046762735
4.908615451388888,17.08203125,81.71875,0.4991048177083333,0.2955729166666667,96.0,28.375,observation_noise,medium,2,deeprm_inspired_pg,8,32.746255692755504
6.316362847222223,20.942708333333336,86.40625,0.4463704427083333,0.3658854166666667,96.0,35.125,observation_noise,high,3,deeprm_inspired_pg,8,70.81670500962488
3.8093749999999997,13.239583333333334,71.5,0.59375,0.22916666666666666,96.0,22.0,reward_corruption,low,1,deeprm_inspired_pg,8,3.0189210761068477
3.0420138888888886,11.40625,65.5,0.5930989583333334,0.17708333333333334,96.0,17.0,reward_corruption,medium,2,deeprm_inspired_pg,8,-17.73322691206161
10.767013888888888,35.989583333333336,93.25,0.09505208333333333,0.6666666666666666,96.0,64.0,reward_corruption,high,3,deeprm_inspired_pg,8,191.17798957697542
3.174660701182746,8.482096472634712,24.968749999999936,0.36140950520833337,0.10903498423273175,77.5,9.0,distribution_shift,low,1,deeprm_inspired_pg,8,-14.145989770352527
6.690592593773781,18.208956789089182,62.68124999999999,0.45556640625,0.3239143508432314,113.625,37.125,distribution_shift,medium,2,deeprm_inspired_pg,8,80.93719583143329
9.663235351751782,27.910955676930435,81.775,0.514892578125,0.4952566439848449,143.25,71.375,distribution_shift,high,3,deeprm_inspired_pg,8,161.3279291332469
5.474392361111111,18.46484375,83.125,0.4949544270833333,0.3203125,96.0,30.75,co_tenant_interference,low,1,deeprm_inspired_pg,8,48.04685665993706
5.691124131944444,19.520833333333332,83.59375,0.4502766927083333,0.34765625,96.0,33.375,co_tenant_interference,medium,2,deeprm_inspired_pg,8,53.90804732616553
6.986783854166667,22.854166666666664,86.71875,0.41292317708333337,0.41015625,96.0,39.375,co_tenant_interference,high,3,deeprm_inspired_pg,8,88.94725104464999
5.931423611111112,19.875,84.5,0.525390625,0.3541666666666667,96.0,34.0,co_tenant_matched_load_control,low,1,deeprm_inspired_pg,8,60.40659185877272
5.795833333333334,19.625,84.5,0.5227864583333334,0.3333333333333333,96.0,32.0,co_tenant_matched_load_control,medium,2,deeprm_inspired_pg,8,56.739753040048846
5.550000000000001,19.28125,81.0,0.4700520833333333,0.3541666666666667,96.0,34.0,co_tenant_matched_load_control,high,3,deeprm_inspired_pg,8,50.091553594065466
3.1236979166666665,11.61328125,64.8125,0.5889485677083334,0.18619791666666669,96.0,17.875,clean,clean,0,plain_dqn,8,0.0
5.418402777777778,16.9765625,77.875,0.5176595052083333,0.29296875,96.0,28.125,observation_noise,low,1,plain_dqn,8,73.46116437404474
5.152821180555555,17.114583333333336,80.15625,0.49690755208333337,0.2955729166666667,96.0,28.375,observation_noise,medium,2,plain_dqn,8,64.9590106989023
6.452256944444445,21.009114583333336,83.59375,0.44767252604166663,0.3671875,96.0,35.25,observation_noise,high,3,plain_dqn,8,106.55828817562876
5.794791666666667,19.455729166666664,94.1875,0.531494140625,0.2708333333333333,96.0,26.0,reward_corruption,low,1,plain_dqn,8,85.51062942892872
8.061284722222222,26.20703125,87.0,0.357421875,0.44661458333333337,96.0,42.875,reward_corruption,medium,2,plain_dqn,8,158.0686397109907
12.432573784722223,36.2421875,78.125,0.37109375,0.58984375,96.0,56.625,reward_corruption,high,3,plain_dqn,8,298.0081978602196
3.3069227160850936,9.134116228144515,29.01874999999998,0.35343424479166663,0.1223791617603823,77.5,10.0,distribution_shift,low,1,plain_dqn,8,5.865637597055106
6.809053955671007,18.55127740726707,60.33749999999998,0.4466959635416667,0.338458333356254,113.625,38.875,distribution_shift,medium,2,plain_dqn,8,117.98055181139364
9.705741264314623,28.357311909470184,82.05624999999999,0.4921875,0.49795403173789765,143.25,71.875,distribution_shift,high,3,plain_dqn,8,210.71318428485333
6.159375000000001,19.04296875,81.40625,0.475830078125,0.3424479166666667,96.0,32.875,co_tenant_interference,low,1,plain_dqn,8,97.18215923301379
5.5911241319444445,19.404947916666664,83.3125,0.422119140625,0.3333333333333333,96.0,32.0,co_tenant_interference,medium,2,plain_dqn,8,78.99055161873004
6.177495659722222,21.515625,85.96875,0.38997395833333337,0.375,96.0,36.0,co_tenant_interference,high,3,plain_dqn,8,97.76226205363346
6.450759548611112,19.309895833333336,81.90625,0.46809895833333337,0.34375,96.0,33.0,co_tenant_matched_load_control,low,1,plain_dqn,8,106.51035153536198
6.38263888888889,19.100260416666668,82.25,0.46826171875,0.34375,96.0,33.0,co_tenant_matched_load_control,medium,2,plain_dqn,8,104.32958177018205
3.8285807291666667,15.838541666666668,78.78125,0.401611328125,0.2604166666666667,96.0,25.0,co_tenant_matched_load_control,high,3,plain_dqn,8,22.565652355147982
4.218576388888889,14.010416666666666,40.25,0.5657552083333334,0.23958333333333334,96.0,23.0,clean,clean,0,heuristic_sjf_bestfit,9,0.0
5.783940972222222,18.171875,47.1875,0.5247395833333333,0.34244791666666663,96.0,32.875,observation_noise,low,1,heuristic_sjf_bestfit,9,37.10646528663732
6.0511284722222225,18.938802083333336,50.03125,0.5059407552083333,0.36458333333333337,96.0,35.0,observation_noise,medium,2,heuristic_sjf_bestfit,9,43.440059261698025
7.0224609375,21.239583333333332,51.5625,0.5107421875,0.4036458333333333,96.0,38.75,observation_noise,high,3,heuristic_sjf_bestfit,9,66.4651837524178
4.218576388888889,14.010416666666666,40.25,0.5657552083333334,0.23958333333333334,96.0,23.0,reward_corruption,low,1,heuristic_sjf_bestfit,9,0.0
4.218576388888889,14.010416666666666,40.25,0.5657552083333334,0.23958333333333334,96.0,23.0,reward_corruption,medium,2,heuristic_sjf_bestfit,9,0.0
4.218576388888889,14.010416666666666,40.25,0.5657552083333334,0.23958333333333334,96.0,23.0,reward_corruption,high,3,heuristic_sjf_bestfit,9,0.0
2.288417549361569,6.843454757361203,18.856249999999996,0.35148111979166663,0.11645404569680748,79.5,9.5,distribution_shift,low,1,heuristic_sjf_bestfit,9,-45.75379610550789
5.616688684638071,16.705590741908367,53.20624999999998,0.46044921875,0.288279564242679,112.75,33.125,distribution_shift,medium,2,heuristic_sjf_bestfit,9,33.14180346316839
7.743002030069851,22.81468540408582,63.03749999999999,0.5030924479166667,0.44331642868428106,139.75,64.125,distribution_shift,high,3,heuristic_sjf_bestfit,9,83.54537920573827
7.158875868055555,22.216145833333336,59.0625,0.4523111979166667,0.42708333333333337,96.0,41.0,co_tenant_interference,low,1,heuristic_sjf_bestfit,9,69.69885591999669
8.072504340277778,24.454427083333336,61.625,0.426513671875,0.4869791666666667,96.0,46.75,co_tenant_interference,medium,2,heuristic_sjf_bestfit,9,91.35612576649245
8.835590277777778,26.954427083333332,64.96875,0.37272135416666663,0.54296875,96.0,52.125,co_tenant_interference,high,3,heuristic_sjf_bestfit,9,109.44483312070456
6.873437499999999,21.614583333333332,60.0,0.4583333333333333,0.4166666666666667,96.0,40.0,co_tenant_matched_load_control,low,1,heuristic_sjf_bestfit,9,62.93263097246797
6.873437499999999,21.614583333333332,60.0,0.4583333333333333,0.4166666666666667,96.0,40.0,co_tenant_matched_load_control,medium,2,heuristic_sjf_bestfit,9,62.93263097246797
8.022048611111112,24.916666666666668,62.0,0.4016927083333333,0.4895833333333333,96.0,47.0,co_tenant_matched_load_control,high,3,heuristic_sjf_bestfit,9,90.16008889254704
5.241840277777778,16.145833333333332,44.0,0.5703125,0.2708333333333333,96.0,26.0,clean,clean,0,deeprm_inspired_pg,9,0.0
6.373263888888889,19.16796875,52.625,0.5377604166666666,0.35546875,96.0,34.125,observation_noise,low,1,deeprm_inspired_pg,9,21.584473222270056
6.494205729166667,19.7578125,54.46875,0.5165201822916666,0.37760416666666663,96.0,36.25,observation_noise,medium,2,deeprm_inspired_pg,9,23.891713311032344
7.528168402777778,22.5234375,61.3125,0.47745768229166663,0.43489583333333337,96.0,41.75,observation_noise,high,3,deeprm_inspired_pg,9,43.61689795647997
5.1468750000000005,15.9375,41.0,0.583984375,0.28125,96.0,27.0,reward_corruption,low,1,deeprm_inspired_pg,9,-1.8116782035571173
3.0107638888888886,11.34375,65.5,0.5930989583333334,0.17708333333333334,96.0,17.0,reward_corruption,medium,2,deeprm_inspired_pg,9,-42.56284569271024
16.99513888888889,50.375,94.5,0.13671875,0.8541666666666666,96.0,82.0,reward_corruption,high,3,deeprm_inspired_pg,9,224.2208458914317
2.827614754920012,7.554151508235906,21.14999999999999,0.353271484375,0.14458171692438532,79.5,11.75,distribution_shift,low,1,deeprm_inspired_pg,9,-46.05683109217611
6.613569525010508,18.289341057166876,56.374999999999986,0.46638997395833337,0.31850499159310636,112.75,36.375,distribution_shift,medium,2,deeprm_inspired_pg,9,26.168848620741635
9.02858061026932,25.07992782532098,68.61874999999999,0.5139973958333334,0.4839691426851591,139.75,69.375,distribution_shift,high,3,deeprm_inspired_pg,9,72.24066609860323
6.698133680555555,20.505208333333336,56.8125,0.49845377604166663,0.375,96.0,36.0,co_tenant_interference,low,1,deeprm_inspired_pg,9,27.78210181167818
7.650824652777778,23.002604166666668,60.65625,0.4635416666666667,0.44140625,96.0,42.375,co_tenant_interference,medium,2,deeprm_inspired_pg,9,45.95684430165931
8.701909722222222,26.05078125,65.59375,0.41512044270833337,0.5104166666666667,96.0,49.0,co_tenant_interference,high,3,deeprm_inspired_pg,9,66.00867750803165
6.570138888888889,20.197916666666668,56.5,0.4954427083333333,0.3541666666666667,96.0,34.0,co_tenant_matched_load_control,low,1,deeprm_inspired_pg,9,25.34031066803562
6.657986111111112,20.354166666666668,56.5,0.5,0.3541666666666667,96.0,34.0,co_tenant_matched_load_control,medium,2,deeprm_inspired_pg,9,27.01619580697512
7.815277777777777,23.635416666666668,65.0,0.4720052083333333,0.4375,96.0,42.0,co_tenant_matched_load_control,high,3,deeprm_inspired_pg,9,49.09416089822142
3.1844618055555554,11.9375,67.375,0.588134765625,0.18489583333333331,96.0,17.75,clean,clean,0,plain_dqn,9,0.0
4.626345486111111,16.686197916666664,80.3125,0.49226888020833337,0.27734375,96.0,26.625,observation_noise,low,1,plain_dqn,9,45.27872427422653
5.184830729166666,17.774739583333332,79.34375,0.49405924479166674,0.3046875,96.0,29.25,observation_noise,medium,2,plain_dqn,9,62.81654627231839
5.701345486111111,19.873697916666668,83.46875,0.43636067708333337,0.34765625,96.0,33.375,observation_noise,high,3,plain_dqn,9,79.03639089546138
3.2292317708333336,12.110677083333332,67.375,0.5556640625,0.20833333333333331,96.0,20.0,reward_corruption,low,1,plain_dqn,9,1.4058879651083687
10.893098958333333,32.49609375,80.5625,0.30061848958333337,0.6263020833333333,96.0,60.125,reward_corruption,medium,2,plain_dqn,9,242.07032847212756
14.306944444444444,42.97135416666667,78.4375,0.19091796875,0.7864583333333334,96.0,75.5,reward_corruption,high,3,plain_dqn,9,349.27354504565903
3.6020734237725183,9.777084164375339,31.699999999999896,0.32861328125,0.17668425761648,79.5,14.25,distribution_shift,low,1,plain_dqn,9,13.11404073016059
6.919502606595742,19.14726495726496,61.86249999999998,0.44099934895833337,0.33530315608799216,112.75,38.25,distribution_shift,medium,2,plain_dqn,9,117.2895462123019
8.637376169099845,24.803481935227083,73.73124999999997,0.4779459635416667,0.477401187950829,139.75,68.375,distribution_shift,high,3,plain_dqn,9,171.23503739411262
4.865928819444445,19.53515625,84.53125,0.3368326822916667,0.3294270833333333,96.0,31.625,co_tenant_interference,low,1,plain_dqn,9,52.80223524601339
5.869921874999999,20.251302083333332,82.59375,0.4222819010416667,0.34895833333333337,96.0,33.5,co_tenant_interference,medium,2,plain_dqn,9,84.330107673436
5.818576388888889,21.595052083333332,85.90625,0.36083984375,0.37760416666666663,96.0,36.25,co_tenant_interference,high,3,plain_dqn,9,82.71773204306939
4.945594618055555,19.795572916666668,84.75,0.3388671875,0.34244791666666663,96.0,32.875,co_tenant_matched_load_control,low,1,plain_dqn,9,55.30393893962109
4.871419270833334,19.80859375,84.75,0.32340494791666663,0.33854166666666663,96.0,32.5,co_tenant_matched_load_control,medium,2,plain_dqn,9,52.974649039116834
5.8310546875,19.9296875,85.0,0.43896484375,0.33854166666666663,96.0,32.5,co_tenant_matched_load_control,high,3,plain_dqn,9,83.10958157284995
