average_slowdown,mean_completion_time,p95_completion_time,utilization,task_failure_rate,tasks_arrived,tasks_failed,method,seed,condition,adaptation_lag_steps,agent_r_int,agent_V_epi,agent_V_ale,agent_V_ale_excess,agent_gate_h3
1.0,3.0,3.0,0.25,0.020833333333333332,48.0,1.0,heuristic_sjf_bestfit,0,clean,,,,,,
3.4733332085247444,10.445357033009682,37.462500000000006,0.393310546875,0.20373647306687404,90.25,18.75,heuristic_sjf_bestfit,0,stressed,14.291666666666666,,,,,
1.0,3.0,3.0,0.25,0.020833333333333332,48.0,1.0,deeprm_inspired_pg,0,clean,,,,,,
4.21732302712749,11.802787446349399,46.21875000000001,0.3902180989583333,0.23395787303337842,90.25,21.5,deeprm_inspired_pg,0,stressed,13.083333333333334,,,,,
1.1137152777777777,3.3411458333333335,3.0,0.248046875,0.028645833333333332,48.0,1.375,plain_dqn,0,clean,,,,,,
5.777050471923191,15.86757003474467,58.84999999999998,0.3326009114583333,0.35040633369364316,90.25,32.125,plain_dqn,0,stressed,12.875,,,,,
1.0859375,3.2578125,3.0,0.24869791666666666,0.026041666666666664,48.0,1.25,dqn_rnd,0,clean,,0.0,,,,
4.233611473774993,11.836834951475756,49.71875,0.385498046875,0.24382130153409748,90.25,22.375,dqn_rnd,0,stressed,14.854166666666668,0.0,,,,
1.1762152777777777,3.528645833333333,3.0,0.248046875,0.028645833333333332,48.0,1.375,psaim_lite,0,clean,,0.007583952261603051,0.007946340660763747,0.04664403945207596,0.0,0.9543955621044485
3.972163016041769,11.170289102809424,38.562500000000014,0.39794921875,0.22578779365910914,90.25,20.75,psaim_lite,0,stressed,15.229166666666668,-0.17437957786872604,0.08148223242887696,0.0828580716624856,0.01366741955280304,0.6026777973349833
1.0008680555555556,3.002604166666667,3.0,0.25,0.020833333333333332,48.0,1.0,psaim_no_aleatoric,0,clean,,0.007603431810384571,0.007966900438104744,0.0,0.0,0.9543776616083031
4.27659953054245,11.98185324790488,50.931250000000006,0.38313802083333337,0.24978028504322652,90.25,22.875,psaim_no_aleatoric,0,stressed,13.1875,0.06377628757161148,0.07239994736260377,0.0,0.0,0.8832189085937263
1.15625,3.46875,3.0,0.24869791666666669,0.026041666666666664,48.0,1.25,psaim_no_gate,0,clean,,0.007919849388524856,0.007919849388524856,0.04692144691944122,0.0,1.0
4.208981933131982,11.946009051462582,48.23750000000001,0.38338216145833337,0.2516984238776792,90.25,23.0,psaim_no_gate,0,stressed,15.3125,-0.32958929380316765,0.06888306770986416,0.07934625167399645,0.007325519807636738,1.0
1.1006944444444444,3.302083333333333,3.0,0.24869791666666666,0.026041666666666664,48.0,1.25,psaim_no_freezing,0,clean,,0.007285010513031218,0.007879605990957408,0.04793337732553482,8.625537157058716e-05,0.954453618979377
4.23861909672709,11.813998631319965,47.16875000000002,0.38623046875,0.23867238976048621,90.25,21.875,psaim_no_freezing,0,stressed,15.291666666666668,0.013431989407980462,0.09167509574237168,0.06866828259080648,0.006383900530636311,0.8203771761758336
1.0,3.0,3.0,0.25,0.020833333333333332,48.0,1.0,heuristic_sjf_bestfit,1,clean,,,,,,
1.9833587995543793,6.426040332550938,20.318749999999994,0.375732421875,0.11030825368694477,75.375,8.625,heuristic_sjf_bestfit,1,stressed,15.020833333333332,,,,,
1.0,3.0,3.0,0.25,0.020833333333333332,48.0,1.0,deeprm_inspired_pg,1,clean,,,,,,
2.9553409397283685,8.382616851903647,29.381249999999994,0.3545735677083333,0.17046288279477567,75.375,13.25,deeprm_inspired_pg,1,stressed,11.8125,,,,,
1.0407986111111112,3.122395833333333,3.08125,0.24934895833333331,0.0234375,48.0,1.125,plain_dqn,1,clean,,,,,,
2.8850753807863443,8.077409900205707,28.05625,0.3623860677083333,0.15408523524452752,75.375,12.125,plain_dqn,1,stressed,13.25,,,,,
1.0642361111111112,3.1927083333333335,3.0,0.24869791666666669,0.026041666666666664,48.0,1.25,dqn_rnd,1,clean,,0.0,,,,
2.6294907261351,7.591925926694303,18.8375,0.37101236979166663,0.13868575400836364,75.375,10.875,dqn_rnd,1,stressed,14.354166666666666,0.0,,,,
1.0008680555555556,3.002604166666667,3.0,0.25,0.020833333333333332,48.0,1.0,psaim_lite,1,clean,,0.007220017665227337,0.007562376774775251,0.044950563460588455,0.0,0.9547286362814039
2.877961404626319,8.212411185700649,26.324999999999996,0.3557942708333333,0.162610430196278,75.375,12.75,psaim_lite,1,stressed,14.4375,-0.13617786860962594,0.05856759639838713,0.08464131969958544,0.015753211453557014,0.7340015657034358
1.2126736111111112,3.638020833333333,3.0,0.24739583333333331,0.031249999999999997,48.0,1.5,psaim_no_aleatoric,1,clean,,0.007240187697289236,0.00758364932530519,0.0,0.0,0.9547102439362685
3.17222749050141,8.994423987476786,33.51249999999999,0.3492838541666667,0.17734577275600427,75.375,13.875,psaim_no_aleatoric,1,stressed,13.8125,0.12589907509029624,0.15788400780931724,0.0,0.0,0.6898905613007837
1.1059027777777777,3.3177083333333335,3.0,0.24869791666666666,0.026041666666666664,48.0,1.25,psaim_no_gate,1,clean,,0.007592566023652964,0.007592566023652964,0.04732712730765343,0.0,1.0
2.9309634970506053,8.342645849215643,28.043749999999996,0.3557942708333333,0.16376889776305323,75.375,12.75,psaim_no_gate,1,stressed,11.875,-0.09154179417276902,0.16140275015186015,0.04086491838097572,0.005313970614224672,1.0
1.0477430555555556,3.143229166666667,3.08125,0.24934895833333331,0.0234375,48.0,1.125,psaim_no_freezing,1,clean,,0.0072896398472385195,0.007635808325041493,0.047063328325748444,0.0,0.9546651168982699
2.7806273855413455,8.132990248480935,25.674999999999994,0.35416666666666663,0.15817957034698957,75.375,12.375,psaim_no_freezing,1,stressed,14.8125,-0.1564263583710797,0.06565665387760963,0.08529303316026926,0.016044914722442627,0.7149348092633503
1.0,3.0,3.0,0.25,0.020833333333333332,48.0,1.0,heuristic_sjf_bestfit,2,clean,,,,,,
2.298241408410872,7.433447489440541,25.86874999999999,0.3970540364583333,0.14730008729361405,82.375,12.75,heuristic_sjf_bestfit,2,stressed,17.020833333333332,,,,,
1.0,3.0,3.0,0.25,0.020833333333333332,48.0,1.0,deeprm_inspired_pg,2,clean,,,,,,
3.6151171498744556,9.869313957652178,41.86874999999999,0.38834635416666663,0.21974385083003767,82.375,18.625,deeprm_inspired_pg,2,stressed,14.4375,,,,,
1.0017361111111112,3.0052083333333335,3.0,0.25,0.020833333333333332,48.0,1.0,plain_dqn,2,clean,,,,,,
3.5870558238793993,9.969037846464659,38.18124999999999,0.38321940104166663,0.21965559729047893,82.375,18.625,plain_dqn,2,stressed,14.458333333333332,,,,,
1.1553819444444442,3.4661458333333335,3.0,0.24674479166666666,0.033854166666666664,48.0,1.625,dqn_rnd,2,clean,,0.0,,,,
3.2908259824597703,9.391384366419375,41.756249999999895,0.3789876302083333,0.20306973574055057,82.375,17.375,dqn_rnd,2,stressed,15.666666666666668,0.0,,,,
1.1519097222222223,3.4557291666666665,3.0,0.248046875,0.02864583333333333,48.0,1.375,psaim_lite,2,clean,,0.007595621957330293,0.00795865739354044,0.04835253208875656,0.0,0.9543848392688945
3.4710092546523166,9.681242932301773,40.03124999999999,0.3776041666666667,0.2158374252599839,82.375,18.375,psaim_lite,2,stressed,13.729166666666666,-0.0016600334742185923,0.049820693177031306,0.08023427613079548,0.0068289535120129585,0.7766719720336684
1.1380208333333335,3.4140625,3.0,0.24869791666666669,0.026041666666666664,48.0,1.25,psaim_no_aleatoric,2,clean,,0.00769501580725709,0.0080635743577216,0.0,0.0,0.9542934021422421
2.8871508376250326,8.44533316929084,22.4125,0.3992513020833333,0.16742225665880814,82.375,14.5,psaim_no_aleatoric,2,stressed,15.395833333333334,0.04837211200038023,0.05947844452670268,0.0,0.0,0.8080533107983383
1.2482638888888888,3.744791666666667,3.0,0.24739583333333331,0.031249999999999997,48.0,1.5,psaim_no_gate,2,clean,,0.008027438479544529,0.008027438479544529,0.04796651378273964,0.0,1.0
3.2680394270082815,9.415568282324783,37.81249999999995,0.38240559895833337,0.2051683173895708,82.375,17.5,psaim_no_gate,2,stressed,14.875,-0.5720094476860808,0.06669725233520424,0.08613724820315838,0.012775094714015722,1.0
1.0199652777777777,3.0598958333333335,3.0,0.24934895833333331,0.0234375,48.0,1.125,psaim_no_freezing,2,clean,,0.007646821771296007,0.008012699563673526,0.04699569195508957,0.0,0.9543377622647594
3.375783366088524,9.595952983380984,43.13124999999992,0.3799641927083333,0.2046913081379896,82.375,17.5,psaim_no_freezing,2,stressed,15.3125,0.028167105457023094,0.10704621115891888,0.07429260015487671,0.010448014363646507,0.8582877226301531
1.0,3.0,3.0,0.25,0.020833333333333332,48.0,1.0,heuristic_sjf_bestfit,3,clean,,,,,,
2.483592931953865,7.661384795663548,22.818749999999994,0.37679036458333337,0.13559395302025018,80.625,11.875,heuristic_sjf_bestfit,3,stressed,13.145833333333332,,,,,
1.0,3.0,3.0,0.25,0.020833333333333332,48.0,1.0,deeprm_inspired_pg,3,clean,,,,,,
3.340979880578562,9.56703336722933,23.37499999999995,0.3611653645833333,0.18660099253779885,80.625,16.0,deeprm_inspired_pg,3,stressed,12.75,,,,,
1.0416666666666667,3.125,3.0,0.24869791666666666,0.026041666666666664,48.0,1.25,plain_dqn,3,clean,,,,,,
3.283025193280626,9.221400656779402,30.331249999999955,0.367919921875,0.18038128740247916,80.625,15.375,plain_dqn,3,stressed,11.0,,,,,
1.0303819444444444,3.0911458333333335,3.0,0.24934895833333331,0.0234375,48.0,1.125,dqn_rnd,3,clean,,0.0,,,,
3.371309523978919,9.439142522756562,29.46249999999998,0.3662923177083333,0.1876749067733044,80.625,16.0,dqn_rnd,3,stressed,12.270833333333334,0.0,,,,
1.0607638888888888,3.1822916666666665,3.0,0.24869791666666666,0.026041666666666664,48.0,1.25,psaim_lite,3,clean,,0.007391668633785089,0.007743438635333006,0.04845406860113144,0.0,0.9545718616606834
2.9208057947689237,8.287467435450232,19.549999999999997,0.382568359375,0.14728408580413296,80.625,12.875,psaim_lite,3,stressed,11.833333333333332,-0.2346932706088525,0.08408203366177129,0.08596930932253599,0.017810504883527756,0.6251713274947286
1.0034722222222223,3.010416666666667,3.0,0.24934895833333331,0.020833333333333332,48.0,1.0,psaim_no_aleatoric,3,clean,,0.007354233312400075,0.007703945430349208,0.0,0.0,0.9546061013657413
2.9902166251962807,8.63523317599899,20.306249999999995,0.373046875,0.16303057398576265,80.625,14.0,psaim_no_aleatoric,3,stressed,12.8125,0.09106235260429098,0.1052252063718667,0.0,0.0,0.8541405064839027
1.1345486111111112,3.403645833333333,3.0,0.248046875,0.028645833333333332,48.0,1.375,psaim_no_gate,3,clean,,0.007762459638285142,0.007762459638285142,0.047398947179317474,0.0,1.0
3.2850532896697624,9.34992306637822,26.412499999999987,0.3642578125,0.1810153496267883,80.625,15.5,psaim_no_gate,3,stressed,11.020833333333332,-0.6287936278508859,0.053086698100693,0.08331949450075626,0.01418889919295907,1.0
1.0086805555555556,3.026041666666667,3.0,0.24869791666666666,0.026041666666666664,48.0,1.25,psaim_no_freezing,3,clean,,0.007338363140189966,0.007687203768917074,0.047889430075883865,0.0,0.9546206085836266
3.5404345402302795,9.980270567043945,40.48124999999998,0.3645833333333333,0.1924833677121066,80.625,16.25,psaim_no_freezing,3,stressed,12.895833333333334,-0.049285625469098884,0.08407688356126364,0.07807910162955523,0.012208299711346626,0.8609765261778655
1.0,3.0,3.0,0.25,0.020833333333333332,48.0,1.0,heuristic_sjf_bestfit,4,clean,,,,,,
2.209024063326287,7.019734449075959,21.537499999999994,0.372802734375,0.1358995875204831,76.75,10.625,heuristic_sjf_bestfit,4,stressed,13.166666666666668,,,,,
1.0,3.0,3.0,0.25,0.020833333333333332,48.0,1.0,deeprm_inspired_pg,4,clean,,,,,,
2.6345297156286396,7.668556024178111,19.081249999999997,0.3714192708333333,0.16043084439875133,76.75,12.5,deeprm_inspired_pg,4,stressed,13.395833333333334,,,,,
1.1588541666666667,3.4765625,3.0,0.24869791666666669,0.026041666666666664,48.0,1.25,plain_dqn,4,clean,,,,,,
3.30192854151871,9.206128709215552,33.874999999999964,0.3550618489583333,0.20325986348076108,76.75,15.75,plain_dqn,4,stressed,11.333333333333334,,,,,
1.1180555555555556,3.354166666666667,3.0,0.24869791666666666,0.026041666666666664,48.0,1.25,dqn_rnd,4,clean,,0.0,,,,
2.849112674441128,8.17444180255984,23.656249999999996,0.3656412760416667,0.18134989417603267,76.75,14.125,dqn_rnd,4,stressed,13.354166666666666,0.0,,,,
1.0338541666666667,3.1015625,3.0,0.24934895833333331,0.0234375,48.0,1.125,psaim_lite,4,clean,,0.007503746134558793,0.007861695510941699,0.0480608306825161,0.0,0.9544691884995138
3.1470060581509847,9.00157406241617,29.681249999999967,0.35441080729166663,0.1931259709218675,76.75,15.0,psaim_lite,4,stressed,10.0,-0.0025155141619023977,0.09884277026462462,0.0745228873565793,0.0066988104954361916,0.781129694918457
1.0598958333333335,3.1796875,3.0,0.24934895833333331,0.0234375,48.0,1.125,psaim_no_aleatoric,4,clean,,0.00755693121624616,0.007917822555634718,0.0,0.0,0.9544203804956793
2.741338491309529,7.863263345804752,18.349999999999994,0.37158203125,0.16586005340658938,76.75,12.875,psaim_no_aleatoric,4,stressed,10.958333333333332,0.04738100079049737,0.06480417405804423,0.0,0.0,0.770361184864253
1.0529513888888888,3.158854166666667,3.0,0.24934895833333331,0.0234375,48.0,1.125,psaim_no_gate,4,clean,,0.007857731963671401,0.007857731963671401,0.04697822779417038,0.0,1.0
3.0593131051182927,8.665563477117031,24.06874999999997,0.35563151041666663,0.19161171764530605,76.75,15.0,psaim_no_gate,4,stressed,9.6875,-0.3430149403255289,0.0551716652844685,0.08335948456078768,0.007571442984044552,1.0
1.1267361111111112,3.3802083333333335,3.0,0.24869791666666666,0.026041666666666664,48.0,1.25,psaim_no_freezing,4,clean,,0.007547350748472089,0.007907711681179944,0.04699033871293068,0.0,0.9544291765763919
3.057658664248176,8.623063105312792,22.412499999999977,0.3560384114583333,0.18767791656076968,76.75,14.625,psaim_no_freezing,4,stressed,11.6875,0.05778819625028503,0.10309048125466443,0.06869722437113523,0.0042861392721533775,0.7957570515882413
1.0,3.0,3.0,0.25,0.020833333333333332,48.0,1.0,heuristic_sjf_bestfit,5,clean,,,,,,
2.6864676188750405,8.237488100492822,27.518749999999986,0.3777669270833333,0.14142826269693332,79.5,11.625,heuristic_sjf_bestfit,5,stressed,16.1875,,,,,
1.0,3.0,3.0,0.25,0.020833333333333332,48.0,1.0,deeprm_inspired_pg,5,clean,,,,,,
3.255873200687067,9.229148287528634,24.356249999999996,0.3819986979166667,0.1625531540782977,79.5,13.375,deeprm_inspired_pg,5,stressed,12.854166666666668,,,,,
1.1371527777777777,3.4114583333333335,3.0,0.24869791666666666,0.026041666666666664,48.0,1.25,plain_dqn,5,clean,,,,,,
3.566891707676561,10.014682825086759,36.15624999999993,0.36824544270833337,0.1968140694997725,79.5,15.875,plain_dqn,5,stressed,17.571428571428573,,,,,
2.9800347222222223,8.940104166666668,63.29374999999988,0.23372395833333331,0.0859375,48.0,4.125,dqn_rnd,5,clean,,0.0,,,,
4.998862886045556,14.086064481638742,68.31875,0.344482421875,0.23210807633950886,79.5,18.75,dqn_rnd,5,stressed,13.0625,0.0,,,,
1.0894097222222223,3.268229166666667,3.0,0.24869791666666669,0.026041666666666664,48.0,1.25,psaim_lite,5,clean,,0.007490624751147973,0.007847849263290312,0.05019005388021469,0.0,0.9544812215222687
3.673475486506372,10.201423233901965,34.293749999999946,0.36376953125,0.1982994276149782,79.5,16.0,psaim_lite,5,stressed,17.0,-0.03351331491821817,0.05057570273939288,0.0721872253343463,0.0051541682332754135,0.8335999927657876
1.0807291666666667,3.2421875,3.0,0.24934895833333331,0.0234375,48.0,1.125,psaim_no_aleatoric,5,clean,,0.007509390774815962,0.007867652093822463,0.0,0.0,0.9544640110246103
3.5616753267519554,9.930374067884756,35.58124999999994,0.37019856770833337,0.19098218938146372,79.5,15.375,psaim_no_aleatoric,5,stressed,17.333333333333332,0.051200692139486956,0.05837672263237087,0.0,0.0,0.8927875061817271
1.0043402777777777,3.0130208333333335,3.0,0.24934895833333331,0.0234375,48.0,1.125,psaim_no_gate,5,clean,,0.007867652093822463,0.007867652093822463,0.049742598086595535,0.0,1.0
3.5621970951984903,10.025923295357893,33.96249999999995,0.3658854166666667,0.19486322536281184,79.5,15.75,psaim_no_gate,5,stressed,14.6875,-0.540452520514603,0.040260566069784794,0.0770701770670712,0.011299768462777138,1.0
1.0763888888888888,3.2291666666666665,3.0,0.24869791666666666,0.0234375,48.0,1.125,psaim_no_freezing,5,clean,,0.007524505777431311,0.007883602747994004,0.048480015248060226,0.0,0.9544501439200415
3.6017731531900137,10.04700637336298,34.356249999999974,0.36328125,0.1870436904493259,79.5,15.125,psaim_no_freezing,5,stressed,15.104166666666668,0.015120980776968228,0.0429016144355901,0.07503491034731269,0.0007669012993574142,0.8024914048060059
1.0,3.0,3.0,0.25,0.020833333333333332,48.0,1.0,heuristic_sjf_bestfit,6,clean,,,,,,
2.1380581862222274,6.7367158148800055,22.85624999999998,0.3688151041666667,0.14747588548355478,76.875,12.25,heuristic_sjf_bestfit,6,stressed,12.791666666666666,,,,,
1.0,3.0,3.0,0.25,0.020833333333333332,48.0,1.0,deeprm_inspired_pg,6,clean,,,,,,
3.335910494597118,9.276800760720548,42.08125,0.3465983072916667,0.21898894479325698,76.875,17.75,deeprm_inspired_pg,6,stressed,11.875,,,,,
1.1189236111111112,3.356770833333333,3.0,0.248046875,0.026041666666666664,48.0,1.25,plain_dqn,6,clean,,,,,,
7.529516751480456,21.367838058955655,51.925,0.15861002604166669,0.6033834080754301,76.875,48.25,plain_dqn,6,stressed,7.333333333333333,,,,,
1.0234375,3.0703125,3.0,0.24934895833333331,0.0234375,48.0,1.125,dqn_rnd,6,clean,,0.0,,,,
2.5534663663956256,7.350456433486292,18.531249999999996,0.37320963541666663,0.16215278619412327,76.875,13.375,dqn_rnd,6,stressed,15.166666666666666,0.0,,,,
1.0928819444444444,3.2786458333333335,3.0,0.24869791666666666,0.026041666666666664,48.0,1.25,psaim_lite,6,clean,,0.007501867420262378,0.007859712987770358,0.04953610524535179,0.0,0.9544709115886566
3.2121638101402388,9.045560870800838,40.83749999999999,0.34659830729166663,0.2050281992882803,76.875,16.625,psaim_lite,6,stressed,16.5625,-0.015598383364321323,0.05439355643441129,0.08289635740220547,0.010193961206823587,0.8870244458286942
1.0503472222222223,3.151041666666667,3.0,0.24934895833333331,0.0234375,48.0,1.125,psaim_no_aleatoric,6,clean,,0.007494366678029901,0.007851797866943065,0.0,0.0,0.9544777903137333
3.196726547295486,9.080976015069446,36.85624999999999,0.34342447916666663,0.21238462568893784,76.875,17.25,psaim_no_aleatoric,6,stressed,13.125,0.03585932459237834,0.044928532182107545,0.0,0.0,0.777951050725415
1.2065972222222223,3.619791666666666,3.0,0.24739583333333331,0.031249999999999997,48.0,1.5,psaim_no_gate,6,clean,,0.007847849263290312,0.007847849263290312,0.047917671501636505,0.0,1.0
3.104430882627603,8.82559346010171,37.08749999999999,0.3406575520833333,0.20825868582356138,76.875,16.875,psaim_no_gate,6,stressed,13.3125,-0.31370202286951776,0.06027231211251183,0.08264907822012901,0.0069631654769182205,1.0
1.0763888888888888,3.229166666666667,3.0,0.24869791666666666,0.026041666666666664,48.0,1.25,psaim_no_freezing,6,clean,,0.007547350748472089,0.007907711681179944,0.048953812569379807,0.0,0.9544291765763919
3.110226737254874,9.010358562482091,40.62499999999999,0.34619140625,0.20645115188574575,76.875,16.75,psaim_no_freezing,6,stressed,15.208333333333332,-0.03333264651542542,0.061348576803969705,0.08801086898893118,0.011768177151679993,0.8673273295397024
1.0,3.0,3.0,0.25,0.020833333333333332,48.0,1.0,heuristic_sjf_bestfit,7,clean,,,,,,
1.8848871336513007,5.895060910426453,16.399999999999995,0.36539713541666663,0.1108813602078123,75.75,9.125,heuristic_sjf_bestfit,7,stressed,14.979166666666668,,,,,
1.0,3.0,3.0,0.25,0.020833333333333332,48.0,1.0,deeprm_inspired_pg,7,clean,,,,,,
2.58776051466035,7.36491892034995,22.649999999999984,0.35514322916666663,0.15567485472849052,75.75,12.75,deeprm_inspired_pg,7,stressed,13.75,,,,,
1.0,3.0,3.0,0.25,0.020833333333333332,48.0,1.0,plain_dqn,7,clean,,,,,,
2.7105802418888727,7.646712569178844,23.29374999999999,0.35205078125,0.16216153100195696,75.75,13.0,plain_dqn,7,stressed,14.166666666666666,,,,,
1.0625,3.1875,3.0,0.24869791666666669,0.026041666666666664,48.0,1.25,dqn_rnd,7,clean,,0.0,,,,
3.0518018978954764,8.706207946950162,31.206249999999994,0.33675130208333337,0.18653218718130954,75.75,14.875,dqn_rnd,7,stressed,12.690476190476192,0.0,,,,
1.0477430555555556,3.143229166666667,3.0,0.24934895833333331,0.0234375,48.0,1.125,psaim_lite,7,clean,,0.00738449393050898,0.007735869289794366,0.04791867733001709,0.0,0.9545784260149094
3.0210011423382013,8.500875060791945,36.20625,0.3426920572916667,0.17852410948665182,75.75,14.375,psaim_lite,7,stressed,11.4375,-0.006688007835179484,0.04898884134090875,0.07560182455927134,0.0035069482401013374,0.775252965441755
1.0008680555555556,3.002604166666667,3.0,0.25,0.020833333333333332,48.0,1.0,psaim_no_aleatoric,7,clean,,0.007286196709518531,0.007632176549176101,0.0,0.0,0.9546682604328749
2.673520879300108,7.478876598594421,20.04999999999999,0.35205078125,0.16190177619583118,75.75,13.0,psaim_no_aleatoric,7,stressed,13.125,0.04001041568641881,0.06911045280622202,0.0,0.0,0.7207931585903524
1.0026041666666667,3.0078125,3.0,0.25,0.020833333333333332,48.0,1.0,psaim_no_gate,7,clean,,0.007646734839085504,0.007646734839085504,0.04789167642593384,0.0,1.0
2.9353100748807903,8.078647965405196,28.706249999999994,0.347412109375,0.17530679411697814,75.75,14.0,psaim_no_gate,7,stressed,12.583333333333332,-0.4052677653546223,0.06678037816841839,0.0708896666765213,0.00955063197761774,1.0
1.0572916666666667,3.171875,3.0,0.248046875,0.028645833333333332,48.0,1.375,psaim_no_freezing,7,clean,,0.007298269134642854,0.007644910495784082,0.04618411883711815,0.0,0.9546572374742138
2.979613944915246,8.321040592353285,31.399999999999945,0.343505859375,0.17645974808917184,75.75,14.125,psaim_no_freezing,7,stressed,11.80952380952381,-0.1638776673619138,0.045557744408320576,0.07629208266735077,0.007552113384008408,0.6773623460215477
1.0,3.0,3.0,0.25,0.020833333333333332,48.0,1.0,heuristic_sjf_bestfit,8,clean,,,,,,
2.456349068199896,7.357771324640958,25.1125,0.35506184895833337,0.1533570734102341,75.625,11.875,heuristic_sjf_bestfit,8,stressed,14.791666666666668,,,,,
1.0,3.0,3.0,0.25,0.020833333333333332,48.0,1.0,deeprm_inspired_pg,8,clean,,,,,,
3.049546543006383,8.355640136606596,27.275,0.34855143229166663,0.18963043027779064,75.625,14.625,deeprm_inspired_pg,8,stressed,12.541666666666666,,,,,
1.0564236111111112,3.169270833333333,3.0,0.24934895833333331,0.0234375,48.0,1.125,plain_dqn,8,clean,,,,,,
3.3607278042788984,9.217619498152184,30.706249999999997,0.342529296875,0.20789791681836317,75.625,15.875,plain_dqn,8,stressed,13.333333333333332,,,,,
1.0694444444444444,3.2083333333333335,3.0,0.24934895833333331,0.0234375,48.0,1.125,dqn_rnd,8,clean,,0.0,,,,
3.1485772791349538,8.6243766736019,24.074999999999996,0.34969075520833337,0.1932429474158972,75.625,14.75,dqn_rnd,8,stressed,12.452380952380953,0.0,,,,
1.0,3.0,3.0,0.25,0.020833333333333332,48.0,1.0,psaim_lite,8,clean,,-0.0015896767992160856,0.0076909147050583555,0.04771123826503754,0.0032849833369255066,0.9546173933124789
3.4034696570282255,9.421204997315378,28.168749999999996,0.33675130208333337,0.21377722640349545,75.625,16.25,psaim_lite,8,stressed,11.857142857142858,0.0666836769201936,0.09144552218799477,0.06767126638442278,0.0037400899454951286,0.9114892796185545
17.326388888888886,51.97916666666667,94.3,0.0006510416666666666,0.9973958333333333,48.0,47.875,psaim_no_aleatoric,8,clean,,0.007312140090706585,0.007659541916817149,0.0,0.0,0.9546445688419285
15.665616528938372,44.677298748151976,91.5375,0.0,1.0,75.625,75.625,psaim_no_aleatoric,8,stressed,13.125,0.07496476619401378,0.08707939249298362,0.0,0.0,0.87191388679119
1.0390625,3.1171875,3.0,0.24869791666666666,0.026041666666666664,48.0,1.25,psaim_no_gate,8,clean,,0.007666889200920661,0.007666889200920661,0.04609537869691849,0.0,1.0
3.334077445528637,9.288777357798157,30.224999999999994,0.3357747395833333,0.22161231873685272,75.625,17.0,psaim_no_gate,8,stressed,12.61904761904762,-0.13035067830082375,0.08958552554794186,0.08316172659397125,0.004129759967327118,1.0
1.0373263888888888,3.111979166666667,3.0,0.24934895833333331,0.0234375,48.0,1.125,psaim_no_freezing,8,clean,,0.007377340120481589,0.007728322098446589,0.046814337372779846,0.0,0.954584970256927
3.380979606080786,9.368621041279932,31.981249999999992,0.33854166666666663,0.21264208699375348,75.625,16.25,psaim_no_freezing,8,stressed,12.0625,0.02433248279014593,0.1388040652392886,0.06025661434978247,0.0038067521527409554,0.7912872596556599
1.0,3.0,3.0,0.25,0.020833333333333332,48.0,1.0,heuristic_sjf_bestfit,9,clean,,,,,,
2.5043415935472066,7.666520467629946,29.324999999999996,0.35945638020833337,0.12744440183187838,76.125,10.25,heuristic_sjf_bestfit,9,stressed,15.270833333333336,,,,,
10.444444444444445,31.333333333333332,94.3,0.16145833333333334,0.375,48.0,18.0,deeprm_inspired_pg,9,clean,,,,,,
8.317855601647555,24.184309849170127,91.4875,0.2789713541666667,0.35752974837504825,76.125,27.375,deeprm_inspired_pg,9,stressed,11.375,,,,,
1.0390625,3.1171875,3.0,0.24934895833333331,0.0234375,48.0,1.125,plain_dqn,9,clean,,,,,,
3.651297485219126,10.108996283511114,38.224999999999994,0.34236653645833337,0.20231550644828927,76.125,15.875,plain_dqn,9,stressed,10.142857142857142,,,,,
1.0008680555555556,3.002604166666667,3.0,0.25,0.020833333333333332,48.0,1.0,dqn_rnd,9,clean,,0.0,,,,
8.969359417112548,24.550996245334478,67.38749999999999,0.1533203125,0.5922918559556196,76.125,47.0,dqn_rnd,9,stressed,14.791666666666666,0.0,,,,
1.0208333333333335,3.0625,3.0,0.24934895833333331,0.0234375,48.0,1.125,psaim_lite,9,clean,,0.007411507633672421,0.007764369457390996,0.04784410819411278,0.0,0.9545537051456663
3.332289080057392,9.33599805328823,37.537499999999994,0.34212239583333337,0.17622506370423008,76.125,14.0,psaim_lite,9,stressed,11.645833333333332,0.02230997895457671,0.06267744817133554,0.08287751208990812,0.0059594763442873955,0.9140503333405396
1.1796875,3.5390625,3.0,0.248046875,0.028645833333333332,48.0,1.375,psaim_no_aleatoric,9,clean,,0.009870814323686257,0.01034074577073493,0.0,0.0,0.9545553621114433
3.4187587707686924,9.548925022094702,37.506249999999994,0.34244791666666663,0.1818117241350359,76.125,14.375,psaim_no_aleatoric,9,stressed,11.083333333333332,0.08653774569056408,0.09533211296571877,0.0,0.0,0.9035562470416123
1.0043402777777777,3.0130208333333335,3.0,0.24934895833333331,0.0234375,48.0,1.125,psaim_no_gate,9,clean,,-0.012768287226868206,0.010250893374308664,0.047698624432086945,0.00039567286148667336,1.0
3.4178174994617008,9.366802958522454,38.418749999999996,0.3461100260416667,0.18812793730629773,76.125,14.875,psaim_no_gate,9,stressed,11.875,-0.30362691837756384,0.07816058048161892,0.0778125710785389,0.00712099764496088,1.0
1.125,3.375,3.0,0.248046875,0.028645833333333332,48.0,1.375,psaim_no_freezing,9,clean,,0.00745167060549517,0.007806745393045734,0.04494255408644676,0.0,0.9545169248292809
3.3030497861444057,9.35203114099575,35.98124999999999,0.3416341145833333,0.1763730302982751,76.125,14.0,psaim_no_freezing,9,stressed,12.479166666666666,0.02617722456974377,0.07551748170760494,0.0800794824026525,0.00675978371873498,0.9033561700812225
