average_slowdown,mean_completion_time,p95_completion_time,utilization,task_failure_rate,tasks_arrived,tasks_failed,experiment,scenario,severity,method,method_label,seed,degradation_pct,agent_r_int,agent_V_epi,agent_V_ale,agent_V_ale_excess,agent_gate_h3,agent_pg_loss
4.218576388888889,14.010416666666666,40.25,0.5657552083333334,0.23958333333333334,96.0,23.0,reward_corruption_training_sweep,clean,clean,heuristic_sjf_bestfit,SJF best-fit heuristic,0,0.0,,,,,,
4.957118055555555,19.010416666666668,85.0,0.4342447916666667,0.3125,96.0,30.0,reward_corruption_training_sweep,clean,clean,deeprm_inspired_pg,PG proxy,0,0.0,,,,,,
3.044596354166666,11.42578125,65.5625,0.590087890625,0.1796875,96.0,17.25,reward_corruption_training_sweep,clean,clean,plain_dqn,DQN,0,0.0,,,,,,
3.683355034722222,13.55078125,75.875,0.56591796875,0.20833333333333331,96.0,20.0,reward_corruption_training_sweep,clean,clean,dqn_rnd,DQN+RND,0,0.0,0.0,,,,,
3.0516493055555554,11.432291666666666,64.8125,0.5921223958333334,0.1796875,96.0,17.25,reward_corruption_training_sweep,clean,clean,psaim_lite,Simplified PSAIM,0,0.0,0.014169910286892008,0.019887051466154753,0.03165224101394415,0.0,0.7120508929636878,
4.218576388888889,14.010416666666666,40.25,0.5657552083333334,0.23958333333333334,96.0,23.0,reward_corruption_training_sweep,reward_corruption_training,low,heuristic_sjf_bestfit,SJF best-fit heuristic,0,0.0,,,,,,
6.736979166666667,19.989583333333332,62.25,0.537109375,0.3645833333333333,96.0,35.0,reward_corruption_training_sweep,reward_corruption_training,low,deeprm_inspired_pg,PG proxy,0,35.905158827443714,,,,,,
4.124457465277778,15.795572916666666,77.5,0.472900390625,0.26432291666666663,96.0,25.375,reward_corruption_training_sweep,reward_corruption_training,low,plain_dqn,DQN,0,35.46812074557185,,,,,,
5.305447048611112,17.697916666666664,83.0625,0.5257161458333333,0.30078125,96.0,28.875,reward_corruption_training_sweep,reward_corruption_training,low,dqn_rnd,DQN+RND,0,44.03843774487567,0.0,,,,,
3.0422960069444445,11.451822916666668,65.75,0.589599609375,0.17838541666666669,96.0,17.125,reward_corruption_training_sweep,reward_corruption_training,low,psaim_lite,Simplified PSAIM,0,-0.3064997866590741,0.0095356541512965,0.01657699080994042,0.04220599867403507,0.0,0.5710049007451363,
4.218576388888889,14.010416666666666,40.25,0.5657552083333334,0.23958333333333334,96.0,23.0,reward_corruption_training_sweep,reward_corruption_training,medium,heuristic_sjf_bestfit,SJF best-fit heuristic,0,0.0,,,,,,
4.703298611111111,14.625,35.0,0.5950520833333334,0.25,96.0,24.0,reward_corruption_training_sweep,reward_corruption_training,medium,deeprm_inspired_pg,PG proxy,0,-5.120302595173877,,,,,,
8.334049479166667,26.036458333333332,80.5,0.40201822916666663,0.4739583333333333,96.0,45.5,reward_corruption_training_sweep,reward_corruption_training,medium,plain_dqn,DQN,0,173.7324922484765,,,,,,
8.159071180555555,25.21484375,62.8125,0.36686197916666663,0.50390625,96.0,48.375,reward_corruption_training_sweep,reward_corruption_training,medium,dqn_rnd,DQN+RND,0,121.51193962139646,0.0,,,,,
9.29939236111111,29.893229166666664,85.0625,0.29793294270833337,0.5559895833333333,96.0,53.375,reward_corruption_training_sweep,reward_corruption_training,medium,psaim_lite,Simplified PSAIM,0,204.73332385151468,-0.017981042146303933,0.019418373088669838,0.09353000205010176,0.01047076191753149,0.9410203547944411,
4.218576388888889,14.010416666666666,40.25,0.5657552083333334,0.23958333333333334,96.0,23.0,reward_corruption_training_sweep,reward_corruption_training,high,heuristic_sjf_bestfit,SJF best-fit heuristic,0,0.0,,,,,,
4.397569444444444,16.635416666666668,85.0,0.5162760416666666,0.25,96.0,24.0,reward_corruption_training_sweep,reward_corruption_training,high,deeprm_inspired_pg,PG proxy,0,-11.287780618498939,,,,,,
6.147026909722222,18.44140625,58.28125,0.5524088541666667,0.3059895833333333,96.0,29.375,reward_corruption_training_sweep,reward_corruption_training,high,plain_dqn,DQN,0,101.89956876581492,,,,,,
17.446375868055554,52.0,93.78125,0.005208333333333333,0.9869791666666667,96.0,94.75,reward_corruption_training_sweep,reward_corruption_training,high,dqn_rnd,DQN+RND,0,373.6544727182744,0.0,,,,,
16.762174479166664,49.71875,89.375,0.115966796875,0.8658854166666667,96.0,83.125,reward_corruption_training_sweep,reward_corruption_training,high,psaim_lite,Simplified PSAIM,0,449.28246337647556,0.007403348844723205,0.01942894004031262,0.09466805309057236,0.0024811988696455956,0.938446922571575,
4.218576388888889,14.010416666666666,40.25,0.5657552083333334,0.23958333333333334,96.0,23.0,reward_corruption_training_sweep,clean,clean,heuristic_sjf_bestfit,SJF best-fit heuristic,1,0.0,,,,,,
3.0107638888888886,11.34375,65.5,0.5930989583333334,0.17708333333333334,96.0,17.0,reward_corruption_training_sweep,clean,clean,deeprm_inspired_pg,PG proxy,1,0.0,,,,,,
3.0330512152777773,11.39453125,65.5,0.5919596354166667,0.1796875,96.0,17.25,reward_corruption_training_sweep,clean,clean,plain_dqn,DQN,1,0.0,,,,,,
3.104861111111111,11.606770833333332,66.65625,0.590087890625,0.18098958333333334,96.0,17.375,reward_corruption_training_sweep,clean,clean,dqn_rnd,DQN+RND,1,0.0,0.0,,,,,
3.111935763888889,11.6015625,65.9375,0.5914713541666666,0.1796875,96.0,17.25,reward_corruption_training_sweep,clean,clean,psaim_lite,Simplified PSAIM,1,0.0,0.014203739102432635,0.017860850189544537,0.03693003114312887,0.0,0.793723044596347,
4.218576388888889,14.010416666666666,40.25,0.5657552083333334,0.23958333333333334,96.0,23.0,reward_corruption_training_sweep,reward_corruption_training,low,heuristic_sjf_bestfit,SJF best-fit heuristic,1,0.0,,,,,,
3.6319444444444446,13.71875,73.5,0.546875,0.21875,96.0,21.0,reward_corruption_training_sweep,reward_corruption_training,low,deeprm_inspired_pg,PG proxy,1,20.631991696459483,,,,,,
4.207942708333333,15.2890625,73.375,0.49886067708333337,0.2799479166666667,96.0,26.875,reward_corruption_training_sweep,reward_corruption_training,low,plain_dqn,DQN,1,38.7362892897262,,,,,,
3.6313802083333333,13.65625,73.875,0.5506998697916667,0.21744791666666666,96.0,20.875,reward_corruption_training_sweep,reward_corruption_training,low,dqn_rnd,DQN+RND,1,16.957895325430552,0.0,,,,,
3.0604383680555554,11.4296875,65.28125,0.591064453125,0.17838541666666669,96.0,17.125,reward_corruption_training_sweep,reward_corruption_training,low,psaim_lite,Simplified PSAIM,1,-1.6548347954643794,0.011541866618920087,0.04312401183757572,0.04745398089289665,0.0034039821475744247,0.4411577550237294,
4.218576388888889,14.010416666666666,40.25,0.5657552083333334,0.23958333333333334,96.0,23.0,reward_corruption_training_sweep,reward_corruption_training,medium,heuristic_sjf_bestfit,SJF best-fit heuristic,1,0.0,,,,,,
4.807118055555556,15.229166666666666,81.0,0.546875,0.22916666666666666,96.0,22.0,reward_corruption_training_sweep,reward_corruption_training,medium,deeprm_inspired_pg,PG proxy,1,59.66439856994582,,,,,,
11.401844618055556,35.876302083333336,79.46875,0.17220052083333334,0.7122395833333333,96.0,68.375,reward_corruption_training_sweep,reward_corruption_training,medium,plain_dqn,DQN,1,275.91995020141246,,,,,,
14.160264756944443,42.94401041666667,83.8125,0.125,0.8346354166666667,96.0,80.125,reward_corruption_training_sweep,reward_corruption_training,medium,dqn_rnd,DQN+RND,1,356.0675743681503,0.008724619809555937,,,,,
10.884635416666667,32.916666666666664,81.1875,0.298095703125,0.6419270833333333,96.0,61.625,reward_corruption_training_sweep,reward_corruption_training,medium,psaim_lite,Simplified PSAIM,1,249.7705686271775,0.007612007610439753,0.02405859801570052,0.0901612238958478,0.002831411547958851,0.9318053875999892,
4.218576388888889,14.010416666666666,40.25,0.5657552083333334,0.23958333333333334,96.0,23.0,reward_corruption_training_sweep,reward_corruption_training,high,heuristic_sjf_bestfit,SJF best-fit heuristic,1,0.0,,,,,,
4.291493055555556,15.166666666666666,85.5,0.5579427083333334,0.21875,96.0,21.0,reward_corruption_training_sweep,reward_corruption_training,high,deeprm_inspired_pg,PG proxy,1,42.53834621150965,,,,,,
16.92515190972222,50.06380208333333,91.5625,0.03662109375,0.9609375,96.0,92.25,reward_corruption_training_sweep,reward_corruption_training,high,plain_dqn,DQN,1,458.02394052789367,,,,,,
7.730577256944445,23.102864583333336,57.90625,0.426513671875,0.484375,96.0,46.5,reward_corruption_training_sweep,reward_corruption_training,high,dqn_rnd,DQN+RND,1,148.9830295235965,0.0,,,,,
17.531336805555554,52.13541666666667,94.15625,0.003824869791666667,0.9934895833333334,96.0,95.375,reward_corruption_training_sweep,reward_corruption_training,high,psaim_lite,Simplified PSAIM,1,463.35792688879894,0.005970275017208029,0.006246017839672185,0.08740141987800598,0.0,0.9558530203495821,
4.218576388888889,14.010416666666666,40.25,0.5657552083333334,0.23958333333333334,96.0,23.0,reward_corruption_training_sweep,clean,clean,heuristic_sjf_bestfit,SJF best-fit heuristic,2,0.0,,,,,,
4.928819444444444,15.21875,67.0,0.576171875,0.25,96.0,24.0,reward_corruption_training_sweep,clean,clean,deeprm_inspired_pg,PG proxy,2,0.0,,,,,,
3.3113498263888888,12.321614583333334,71.28125,0.5833333333333333,0.18489583333333331,96.0,17.75,reward_corruption_training_sweep,clean,clean,plain_dqn,DQN,2,0.0,,,,,,
3.5841796874999994,13.553385416666666,73.5,0.5546875,0.2109375,96.0,20.25,reward_corruption_training_sweep,clean,clean,dqn_rnd,DQN+RND,2,0.0,0.0,,,,,
3.379036458333333,12.341145833333334,69.8125,0.5843098958333334,0.1953125,96.0,18.75,reward_corruption_training_sweep,clean,clean,psaim_lite,Simplified PSAIM,2,0.0,0.012933610179321499,0.020915472894146768,0.048399477265775204,0.0,0.6143211981252985,
4.218576388888889,14.010416666666666,40.25,0.5657552083333334,0.23958333333333334,96.0,23.0,reward_corruption_training_sweep,reward_corruption_training,low,heuristic_sjf_bestfit,SJF best-fit heuristic,2,0.0,,,,,,
4.341840277777778,14.427083333333334,61.5,0.572265625,0.22916666666666666,96.0,22.0,reward_corruption_training_sweep,reward_corruption_training,low,deeprm_inspired_pg,PG proxy,2,-11.909122930609351,,,,,,
3.691167534722222,13.84375,73.5,0.5459798177083334,0.22265625,96.0,21.375,reward_corruption_training_sweep,reward_corruption_training,low,plain_dqn,DQN,2,11.470177669133022,,,,,,
3.1056423611111112,11.541666666666668,65.96875,0.588134765625,0.18489583333333334,96.0,17.75,reward_corruption_training_sweep,reward_corruption_training,low,dqn_rnd,DQN+RND,2,-13.351376552292015,0.0,,,,,
3.1039713541666667,11.591145833333334,66.78125,0.5902506510416667,0.18098958333333334,96.0,17.375,reward_corruption_training_sweep,reward_corruption_training,low,psaim_lite,Simplified PSAIM,2,-8.14034141266232,0.012277293504103864,0.01896299660033795,0.042792970314621925,0.0,0.6205099020797394,
4.218576388888889,14.010416666666666,40.25,0.5657552083333334,0.23958333333333334,96.0,23.0,reward_corruption_training_sweep,reward_corruption_training,medium,heuristic_sjf_bestfit,SJF best-fit heuristic,2,0.0,,,,,,
4.793576388888889,16.770833333333332,85.0,0.548828125,0.2708333333333333,96.0,26.0,reward_corruption_training_sweep,reward_corruption_training,medium,deeprm_inspired_pg,PG proxy,2,-2.7439239168721237,,,,,,
10.216015625,30.217447916666668,94.5,0.36474609375,0.5299479166666667,96.0,50.875,reward_corruption_training_sweep,reward_corruption_training,medium,plain_dqn,DQN,2,208.51514218118191,,,,,,
6.745247395833333,21.240885416666668,62.4375,0.47005208333333337,0.375,96.0,36.0,reward_corruption_training_sweep,reward_corruption_training,medium,dqn_rnd,DQN+RND,2,88.19501207926909,0.0,,,,,
10.583094618055556,32.95703125,94.5,0.2451171875,0.62109375,96.0,59.625,reward_corruption_training_sweep,reward_corruption_training,medium,psaim_lite,Simplified PSAIM,2,213.19859221866855,0.0037647480317079527,0.033901354200914335,0.08581857476383448,0.00552203506231308,0.9155816052349512,
4.218576388888889,14.010416666666666,40.25,0.5657552083333334,0.23958333333333334,96.0,23.0,reward_corruption_training_sweep,reward_corruption_training,high,heuristic_sjf_bestfit,SJF best-fit heuristic,2,0.0,,,,,,
15.750868055555557,46.677083333333336,87.25,0.21809895833333334,0.75,96.0,72.0,reward_corruption_training_sweep,reward_corruption_training,high,deeprm_inspired_pg,PG proxy,2,219.5667488552308,,,,,,
17.56291232638889,52.20182291666667,94.21875,0.002685546875,0.9947916666666667,96.0,95.5,reward_corruption_training_sweep,reward_corruption_training,high,plain_dqn,DQN,2,430.38528839285135,,,,,,
14.119249131944443,41.61979166666667,85.9375,0.20125325520833334,0.7578125,96.0,72.75,reward_corruption_training_sweep,reward_corruption_training,high,dqn_rnd,DQN+RND,2,293.9325135172773,0.0,,,,,
5.426605902777778,16.111979166666668,40.59375,0.5882975260416667,0.2721354166666667,96.0,26.125,reward_corruption_training_sweep,reward_corruption_training,high,psaim_lite,Simplified PSAIM,2,60.59625191065215,0.0042737144204304245,0.03510217507259081,0.10000191628932953,0.007810410112142563,0.9356655237323334,
4.218576388888889,14.010416666666666,40.25,0.5657552083333334,0.23958333333333334,96.0,23.0,reward_corruption_training_sweep,clean,clean,heuristic_sjf_bestfit,SJF best-fit heuristic,3,0.0,,,,,,
3.7930555555555556,11.989583333333334,20.0,0.62109375,0.21875,96.0,21.0,reward_corruption_training_sweep,clean,clean,deeprm_inspired_pg,PG proxy,3,0.0,,,,,,
3.5158854166666664,13.30078125,73.875,0.561279296875,0.20182291666666666,96.0,19.375,reward_corruption_training_sweep,clean,clean,plain_dqn,DQN,3,0.0,,,,,,
3.2984375,12.337239583333332,70.53125,0.580078125,0.18880208333333331,96.0,18.125,reward_corruption_training_sweep,clean,clean,dqn_rnd,DQN+RND,3,0.0,0.0,,,,,
3.064778645833333,11.4921875,65.5,0.5913899739583334,0.1796875,96.0,17.25,reward_corruption_training_sweep,clean,clean,psaim_lite,Simplified PSAIM,3,0.0,0.0032633424986399737,0.02187112157757258,0.045444747898727655,0.0041197966784238815,0.7265498915107913,
4.218576388888889,14.010416666666666,40.25,0.5657552083333334,0.23958333333333334,96.0,23.0,reward_corruption_training_sweep,reward_corruption_training,low,heuristic_sjf_bestfit,SJF best-fit heuristic,3,0.0,,,,,,
17.497916666666665,51.895833333333336,94.5,0.05078125,0.9479166666666666,96.0,91.0,reward_corruption_training_sweep,reward_corruption_training,low,deeprm_inspired_pg,PG proxy,3,361.314536799707,,,,,,
3.8662109375,14.15625,73.5,0.5423177083333334,0.24609375,96.0,23.625,reward_corruption_training_sweep,reward_corruption_training,low,plain_dqn,DQN,3,9.96407673505667,,,,,,
3.8916015625,14.513020833333332,74.5625,0.5161946614583334,0.2526041666666667,96.0,24.25,reward_corruption_training_sweep,reward_corruption_training,low,dqn_rnd,DQN+RND,3,17.983183325438183,0.0,,,,,
3.1256293402777775,11.66796875,66.1875,0.5889485677083334,0.18229166666666669,96.0,17.5,reward_corruption_training_sweep,reward_corruption_training,low,psaim_lite,Simplified PSAIM,3,1.9854841564878747,0.01783058574706396,0.025555895855312566,0.033446245128288865,0.0,0.668459222595686,
4.218576388888889,14.010416666666666,40.25,0.5657552083333334,0.23958333333333334,96.0,23.0,reward_corruption_training_sweep,reward_corruption_training,medium,heuristic_sjf_bestfit,SJF best-fit heuristic,3,0.0,,,,,,
5.374479166666667,16.5625,35.25,0.5638020833333334,0.2916666666666667,96.0,28.0,reward_corruption_training_sweep,reward_corruption_training,medium,deeprm_inspired_pg,PG proxy,3,41.69260344196266,,,,,,
5.775716145833333,18.365885416666664,76.28125,0.528076171875,0.30078125,96.0,28.875,reward_corruption_training_sweep,reward_corruption_training,medium,plain_dqn,DQN,3,64.27486852825717,,,,,,
5.210872395833333,17.420572916666668,87.28125,0.517333984375,0.28515625,96.0,27.375,reward_corruption_training_sweep,reward_corruption_training,medium,dqn_rnd,DQN+RND,3,57.98002526448761,0.0,,,,,
14.059678819444446,42.71875,84.3125,0.10538736979166666,0.8463541666666666,96.0,81.25,reward_corruption_training_sweep,reward_corruption_training,medium,psaim_lite,Simplified PSAIM,3,358.7502212781024,0.003908960575229933,0.014461834573213365,0.08566584531217813,0.0023985207080841064,0.9478488861578528,
4.218576388888889,14.010416666666666,40.25,0.5657552083333334,0.23958333333333334,96.0,23.0,reward_corruption_training_sweep,reward_corruption_training,high,heuristic_sjf_bestfit,SJF best-fit heuristic,3,0.0,,,,,,
5.085416666666666,19.677083333333332,85.0,0.40625,0.34375,96.0,33.0,reward_corruption_training_sweep,reward_corruption_training,high,deeprm_inspired_pg,PG proxy,3,34.07176858293664,,,,,,
17.553754340277777,52.12760416666667,94.125,0.0068359375,0.9934895833333333,96.0,95.375,reward_corruption_training_sweep,reward_corruption_training,high,plain_dqn,DQN,3,399.2698071747772,,,,,,
17.62204861111111,52.32552083333333,94.34375,0.0037434895833333335,0.9973958333333333,96.0,95.75,reward_corruption_training_sweep,reward_corruption_training,high,dqn_rnd,DQN+RND,3,434.2544344439181,0.0,,,,,
14.425759548611111,42.6796875,87.1875,0.28751627604166663,0.6666666666666667,96.0,64.0,reward_corruption_training_sweep,reward_corruption_training,high,psaim_lite,Simplified PSAIM,3,370.69499026376354,-0.018330972829733307,0.017907977090227324,0.10601815022528172,0.011043354868888855,0.9446017802700448,
4.218576388888889,14.010416666666666,40.25,0.5657552083333334,0.23958333333333334,96.0,23.0,reward_corruption_training_sweep,clean,clean,heuristic_sjf_bestfit,SJF best-fit heuristic,4,0.0,,,,,,
10.787673611111112,32.28125,70.5,0.1953125,0.75,96.0,72.0,reward_corruption_training_sweep,clean,clean,deeprm_inspired_pg,PG proxy,4,0.0,,,,,,
3.0802300347222227,11.6484375,66.625,0.5816243489583333,0.18880208333333331,96.0,18.125,reward_corruption_training_sweep,clean,clean,plain_dqn,DQN,4,0.0,,,,,,
3.055230034722222,11.48046875,66.03125,0.5892740885416667,0.17838541666666669,96.0,17.125,reward_corruption_training_sweep,clean,clean,dqn_rnd,DQN+RND,4,0.0,0.0,,,,,
3.010460069444444,11.352864583333332,66.03125,0.59228515625,0.17708333333333334,96.0,17.0,reward_corruption_training_sweep,clean,clean,psaim_lite,Simplified PSAIM,4,0.0,0.008932049158450143,0.015275252316519466,0.0397258996963501,0.0,0.5847398768523484,
4.218576388888889,14.010416666666666,40.25,0.5657552083333334,0.23958333333333334,96.0,23.0,reward_corruption_training_sweep,reward_corruption_training,low,heuristic_sjf_bestfit,SJF best-fit heuristic,4,0.0,,,,,,
4.351909722222223,14.041666666666666,81.0,0.5872395833333334,0.20833333333333334,96.0,20.0,reward_corruption_training_sweep,reward_corruption_training,low,deeprm_inspired_pg,PG proxy,4,-59.658496547950485,,,,,,
6.704557291666666,19.057291666666664,81.0,0.5181477864583333,0.3372395833333333,96.0,32.375,reward_corruption_training_sweep,reward_corruption_training,low,plain_dqn,DQN,4,117.66417495085842,,,,,,
7.356336805555556,24.845052083333332,85.0,0.2836100260416667,0.5703125,96.0,54.75,reward_corruption_training_sweep,reward_corruption_training,low,dqn_rnd,DQN+RND,4,140.77849202684948,0.0,,,,,
3.722330729166667,13.888020833333332,73.875,0.5492350260416667,0.22135416666666666,96.0,21.25,reward_corruption_training_sweep,reward_corruption_training,low,psaim_lite,Simplified PSAIM,4,23.646573722985565,0.034432486407902016,0.040353725448165484,0.04717735666781664,0.0001958366483449936,0.8794693121139983,
4.218576388888889,14.010416666666666,40.25,0.5657552083333334,0.23958333333333334,96.0,23.0,reward_corruption_training_sweep,reward_corruption_training,medium,heuristic_sjf_bestfit,SJF best-fit heuristic,4,0.0,,,,,,
6.793923611111111,19.875,63.0,0.546875,0.34375,96.0,33.0,reward_corruption_training_sweep,reward_corruption_training,medium,deeprm_inspired_pg,PG proxy,4,-37.02142040973977,,,,,,
12.746180555555556,38.2734375,84.78125,0.27482096354166663,0.6536458333333334,96.0,62.75,reward_corruption_training_sweep,reward_corruption_training,medium,plain_dqn,DQN,4,313.80612525275296,,,,,,
12.6140625,36.610677083333336,88.0625,0.286376953125,0.7057291666666666,96.0,67.75,reward_corruption_training_sweep,reward_corruption_training,medium,dqn_rnd,DQN+RND,4,312.86784813723057,0.0,,,,,
11.293012152777777,34.36328125,73.53125,0.20296223958333334,0.7239583333333334,96.0,69.5,reward_corruption_training_sweep,reward_corruption_training,medium,psaim_lite,Simplified PSAIM,4,275.12579115064665,0.009611016810377265,0.018074298074939273,0.08292302582412958,0.001517774537205696,0.941122177520447,
4.218576388888889,14.010416666666666,40.25,0.5657552083333334,0.23958333333333334,96.0,23.0,reward_corruption_training_sweep,reward_corruption_training,high,heuristic_sjf_bestfit,SJF best-fit heuristic,4,0.0,,,,,,
9.069965277777778,27.229166666666668,63.25,0.2578125,0.6666666666666666,96.0,64.0,reward_corruption_training_sweep,reward_corruption_training,high,deeprm_inspired_pg,PG proxy,4,-15.922880087548489,,,,,,
17.504275173611113,51.98958333333333,93.90625,0.009114583333333334,0.9895833333333333,96.0,95.0,reward_corruption_training_sweep,reward_corruption_training,high,plain_dqn,DQN,4,468.2781797558071,,,,,,
5.612196180555556,16.401041666666668,48.59375,0.6068522135416667,0.28255208333333337,96.0,27.125,reward_corruption_training_sweep,reward_corruption_training,high,dqn_rnd,DQN+RND,4,83.69144440103709,0.0,,,,,
6.247504340277778,18.764322916666664,55.9375,0.5423990885416667,0.34635416666666663,96.0,33.25,reward_corruption_training_sweep,reward_corruption_training,high,psaim_lite,Simplified PSAIM,4,107.52656391920534,0.0005705176611360166,0.027109272345328138,0.0998227009549737,0.004117805510759354,0.891104919451998,
4.218576388888889,14.010416666666666,40.25,0.5657552083333334,0.23958333333333334,96.0,23.0,reward_corruption_training_sweep,clean,clean,heuristic_sjf_bestfit,SJF best-fit heuristic,5,0.0,,,,,,
7.448090277777777,24.59375,92.5,0.4173177083333333,0.3645833333333333,96.0,35.0,reward_corruption_training_sweep,clean,clean,deeprm_inspired_pg,PG proxy,5,0.0,,,,,,
3.740972222222222,13.963541666666668,74.0,0.5524088541666667,0.23046875,96.0,22.125,reward_corruption_training_sweep,clean,clean,plain_dqn,DQN,5,0.0,,,,,,
3.039301215277778,11.4375,66.03125,0.5896809895833334,0.18359375,96.0,17.625,reward_corruption_training_sweep,clean,clean,dqn_rnd,DQN+RND,5,0.0,0.0,,,,,
3.626996527777778,13.649739583333334,73.25,0.549072265625,0.21875,96.0,21.0,reward_corruption_training_sweep,clean,clean,psaim_lite,Simplified PSAIM,5,0.0,0.019296168070798418,0.031280042602581805,0.04096091911196709,0.0005520861595869064,0.816825247113319,
4.218576388888889,14.010416666666666,40.25,0.5657552083333334,0.23958333333333334,96.0,23.0,reward_corruption_training_sweep,reward_corruption_training,low,heuristic_sjf_bestfit,SJF best-fit heuristic,5,0.0,,,,,,
5.7086805555555555,16.927083333333332,36.5,0.5703125,0.3020833333333333,96.0,29.0,reward_corruption_training_sweep,reward_corruption_training,low,deeprm_inspired_pg,PG proxy,5,-23.35376797743642,,,,,,
3.669900173611111,13.8359375,73.875,0.5435384114583334,0.2265625,96.0,21.75,reward_corruption_training_sweep,reward_corruption_training,low,plain_dqn,DQN,5,-1.8998282903285701,,,,,,
5.000173611111111,16.178385416666664,77.0,0.5668131510416667,0.2877604166666667,96.0,27.625,reward_corruption_training_sweep,reward_corruption_training,low,dqn_rnd,DQN+RND,5,64.51721158720751,0.0,,,,,
3.7296440972222222,13.87109375,73.5,0.5506184895833334,0.22265625,96.0,21.375,reward_corruption_training_sweep,reward_corruption_training,low,psaim_lite,Simplified PSAIM,5,2.830098365363897,0.028171003312563225,0.03715870908073081,0.04238676745444536,0.0,0.7469655330576261,
4.218576388888889,14.010416666666666,40.25,0.5657552083333334,0.23958333333333334,96.0,23.0,reward_corruption_training_sweep,reward_corruption_training,medium,heuristic_sjf_bestfit,SJF best-fit heuristic,5,0.0,,,,,,
17.66111111111111,52.5,94.5,0.0,1.0,96.0,96.0,reward_corruption_training_sweep,reward_corruption_training,medium,deeprm_inspired_pg,PG proxy,5,137.12267779305847,,,,,,
5.466254340277779,17.609375,59.96875,0.4912109375,0.33984375,96.0,32.625,reward_corruption_training_sweep,reward_corruption_training,medium,plain_dqn,DQN,5,46.11854928531653,,,,,,
5.658072916666667,17.618489583333332,61.4375,0.52978515625,0.2734375,96.0,26.25,reward_corruption_training_sweep,reward_corruption_training,medium,dqn_rnd,DQN+RND,5,86.16361182712012,0.0,,,,,
10.982660590277778,33.52734375,73.28125,0.17464192708333334,0.7552083333333333,96.0,72.5,reward_corruption_training_sweep,reward_corruption_training,medium,psaim_lite,Simplified PSAIM,5,202.80317353947777,0.010223451964826949,0.010740037208813771,0.0752398818731308,0.0,0.951900981910669,
4.218576388888889,14.010416666666666,40.25,0.5657552083333334,0.23958333333333334,96.0,23.0,reward_corruption_training_sweep,reward_corruption_training,high,heuristic_sjf_bestfit,SJF best-fit heuristic,5,0.0,,,,,,
4.55920138888889,15.5,82.5,0.548828125,0.23958333333333334,96.0,23.0,reward_corruption_training_sweep,reward_corruption_training,high,deeprm_inspired_pg,PG proxy,5,-38.78697466259526,,,,,,
6.839822048611111,20.04296875,62.1875,0.5428059895833333,0.3619791666666667,96.0,34.75,reward_corruption_training_sweep,reward_corruption_training,high,plain_dqn,DQN,5,82.83541395953222,,,,,,
17.5521484375,52.10286458333333,94.15625,0.006184895833333334,0.9934895833333334,96.0,95.375,reward_corruption_training_sweep,reward_corruption_training,high,dqn_rnd,DQN+RND,5,477.50605136700204,0.0,,,,,
7.321744791666667,21.559895833333332,67.03125,0.5275065104166667,0.3893229166666667,96.0,37.375,reward_corruption_training_sweep,reward_corruption_training,high,psaim_lite,Simplified PSAIM,5,101.867984587033,-0.02890042672538725,0.02537820153015783,0.09942990262061357,0.008590196259319782,0.900225034362907,
4.218576388888889,14.010416666666666,40.25,0.5657552083333334,0.23958333333333334,96.0,23.0,reward_corruption_training_sweep,clean,clean,heuristic_sjf_bestfit,SJF best-fit heuristic,6,0.0,,,,,,
7.999826388888889,23.052083333333332,62.0,0.521484375,0.40625,96.0,39.0,reward_corruption_training_sweep,clean,clean,deeprm_inspired_pg,PG proxy,6,0.0,,,,,,
3.2722005208333336,12.2421875,69.25,0.58056640625,0.18880208333333331,96.0,18.125,reward_corruption_training_sweep,clean,clean,plain_dqn,DQN,6,0.0,,,,,,
3.3139105902777777,12.350260416666666,71.5,0.5808919270833333,0.19010416666666666,96.0,18.25,reward_corruption_training_sweep,clean,clean,dqn_rnd,DQN+RND,6,0.0,0.0,,,,,
3.045073784722222,11.427083333333334,65.5,0.5919596354166667,0.1796875,96.0,17.25,reward_corruption_training_sweep,clean,clean,psaim_lite,Simplified PSAIM,6,0.0,0.01574267462955216,0.020966850333082623,0.03983117546886206,0.0,0.7409854633952664,
4.218576388888889,14.010416666666666,40.25,0.5657552083333334,0.23958333333333334,96.0,23.0,reward_corruption_training_sweep,reward_corruption_training,low,heuristic_sjf_bestfit,SJF best-fit heuristic,6,0.0,,,,,,
4.0569444444444445,13.010416666666666,29.5,0.603515625,0.19791666666666666,96.0,19.0,reward_corruption_training_sweep,reward_corruption_training,low,deeprm_inspired_pg,PG proxy,6,-49.28709390394757,,,,,,
3.6711588541666664,13.734375,73.5,0.548828125,0.22526041666666669,96.0,21.625,reward_corruption_training_sweep,reward_corruption_training,low,plain_dqn,DQN,6,12.19235590219055,,,,,,
3.3166015625,12.079427083333332,65.5,0.5818684895833333,0.21614583333333331,96.0,20.75,reward_corruption_training_sweep,reward_corruption_training,low,dqn_rnd,DQN+RND,6,0.08120231819521061,0.0,,,,,
3.0482421875,11.473958333333332,65.5,0.5885416666666667,0.1796875,96.0,17.25,reward_corruption_training_sweep,reward_corruption_training,low,psaim_lite,Simplified PSAIM,6,0.10405011509654861,0.014492315923529786,0.019466464578868584,0.037802680395543575,0.0,0.7411977331363429,
4.218576388888889,14.010416666666666,40.25,0.5657552083333334,0.23958333333333334,96.0,23.0,reward_corruption_training_sweep,reward_corruption_training,medium,heuristic_sjf_bestfit,SJF best-fit heuristic,6,0.0,,,,,,
16.30017361111111,48.3125,86.25,0.13541666666666666,0.8541666666666666,96.0,82.0,reward_corruption_training_sweep,reward_corruption_training,medium,deeprm_inspired_pg,PG proxy,6,103.75659193992925,,,,,,
8.370985243055557,26.272135416666664,71.1875,0.31770833333333337,0.53515625,96.0,51.375,reward_corruption_training_sweep,reward_corruption_training,medium,plain_dqn,DQN,6,155.8212795872214,,,,,,
5.827126736111111,18.470052083333336,60.40625,0.5081380208333334,0.3138020833333333,96.0,30.125,reward_corruption_training_sweep,reward_corruption_training,medium,dqn_rnd,DQN+RND,6,75.83838119249535,0.0,,,,,
15.397287326388888,45.61197916666667,85.3125,0.08797200520833334,0.8958333333333334,96.0,86.0,reward_corruption_training_sweep,reward_corruption_training,medium,psaim_lite,Simplified PSAIM,6,405.64578775201863,0.005324691134375366,0.0143835232390528,0.07746937870979309,0.001420886255800724,0.9392094807166758,
4.218576388888889,14.010416666666666,40.25,0.5657552083333334,0.23958333333333334,96.0,23.0,reward_corruption_training_sweep,reward_corruption_training,high,heuristic_sjf_bestfit,SJF best-fit heuristic,6,0.0,,,,,,
5.349479166666666,16.479166666666668,46.75,0.56640625,0.28125,96.0,27.0,reward_corruption_training_sweep,reward_corruption_training,high,deeprm_inspired_pg,PG proxy,6,-33.130059246077394,,,,,,
5.483897569444444,16.955729166666668,50.3125,0.572021484375,0.3125,96.0,30.0,reward_corruption_training_sweep,reward_corruption_training,high,plain_dqn,DQN,6,67.59051086660962,,,,,,
17.624739583333334,52.375,94.25,0.004720052083333334,0.9947916666666667,96.0,95.5,reward_corruption_training_sweep,reward_corruption_training,high,dqn_rnd,DQN+RND,6,431.8411315935955,0.0,,,,,
6.3486111111111105,18.859375,57.5,0.5546875,0.32942708333333337,96.0,31.625,reward_corruption_training_sweep,reward_corruption_training,high,psaim_lite,Simplified PSAIM,6,108.48792377260061,-0.004616978891086464,0.02137354117070784,0.1029297225177288,0.005929771810770035,0.9206389337769693,
4.218576388888889,14.010416666666666,40.25,0.5657552083333334,0.23958333333333334,96.0,23.0,reward_corruption_training_sweep,clean,clean,heuristic_sjf_bestfit,SJF best-fit heuristic,7,0.0,,,,,,
3.6319444444444446,13.71875,73.5,0.546875,0.21875,96.0,21.0,reward_corruption_training_sweep,clean,clean,deeprm_inspired_pg,PG proxy,7,0.0,,,,,,
3.612261284722222,13.6328125,73.5,0.5508626302083334,0.21875,96.0,21.0,reward_corruption_training_sweep,clean,clean,plain_dqn,DQN,7,0.0,,,,,,
3.0795138888888887,11.540364583333332,66.3125,0.59033203125,0.18229166666666669,96.0,17.5,reward_corruption_training_sweep,clean,clean,dqn_rnd,DQN+RND,7,0.0,0.0,,,,,
3.6181423611111114,13.548177083333332,73.5,0.561279296875,0.21354166666666666,96.0,20.5,reward_corruption_training_sweep,clean,clean,psaim_lite,Simplified PSAIM,7,0.0,0.010747403275398876,0.02005815687380022,0.041436315048485994,0.0008660773746669292,0.6207220896290304,
4.218576388888889,14.010416666666666,40.25,0.5657552083333334,0.23958333333333334,96.0,23.0,reward_corruption_training_sweep,reward_corruption_training,low,heuristic_sjf_bestfit,SJF best-fit heuristic,7,0.0,,,,,,
5.327777777777778,20.416666666666668,85.0,0.3828125,0.375,96.0,36.0,reward_corruption_training_sweep,reward_corruption_training,low,deeprm_inspired_pg,PG proxy,7,46.69216061185469,,,,,,
14.048958333333335,39.39322916666667,93.25,0.24446614583333331,0.7330729166666667,96.0,70.375,reward_corruption_training_sweep,reward_corruption_training,low,plain_dqn,DQN,7,288.9242008254583,,,,,,
3.4584635416666663,12.630208333333334,70.8125,0.5740559895833333,0.1953125,96.0,18.75,reward_corruption_training_sweep,reward_corruption_training,low,dqn_rnd,DQN+RND,7,12.305502311421801,0.0,,,,,
3.6015407986111114,13.649739583333332,79.0,0.561279296875,0.203125,96.0,19.5,reward_corruption_training_sweep,reward_corruption_training,low,psaim_lite,Simplified PSAIM,7,-0.4588421582975456,0.01768934655743186,0.02298791611974548,0.052350763231515884,0.0,0.7527353592280603,
4.218576388888889,14.010416666666666,40.25,0.5657552083333334,0.23958333333333334,96.0,23.0,reward_corruption_training_sweep,reward_corruption_training,medium,heuristic_sjf_bestfit,SJF best-fit heuristic,7,0.0,,,,,,
3.5835069444444443,13.020833333333334,73.5,0.5774739583333334,0.19791666666666666,96.0,19.0,reward_corruption_training_sweep,reward_corruption_training,medium,deeprm_inspired_pg,PG proxy,7,-1.3336520076481932,,,,,,
4.659852430555556,16.4921875,68.96875,0.482421875,0.28125,96.0,27.0,reward_corruption_training_sweep,reward_corruption_training,medium,plain_dqn,DQN,7,29.00097925540546,,,,,,
7.5990234375,23.618489583333336,77.4375,0.43359375,0.46875,96.0,45.0,reward_corruption_training_sweep,reward_corruption_training,medium,dqn_rnd,DQN+RND,7,146.76048596234077,0.0,,,,,
11.46351996527778,32.65885416666667,76.46875,0.3575032552083333,0.62109375,96.0,59.625,reward_corruption_training_sweep,reward_corruption_training,medium,psaim_lite,Simplified PSAIM,7,216.83440896331663,0.028326529997223956,0.044796385664850155,0.08079968485981226,0.002313503995537758,0.917476599549612,
4.218576388888889,14.010416666666666,40.25,0.5657552083333334,0.23958333333333334,96.0,23.0,reward_corruption_training_sweep,reward_corruption_training,high,heuristic_sjf_bestfit,SJF best-fit heuristic,7,0.0,,,,,,
6.0368055555555555,18.9375,59.5,0.5325520833333334,0.3229166666666667,96.0,31.0,reward_corruption_training_sweep,reward_corruption_training,high,deeprm_inspired_pg,PG proxy,7,66.21414913957933,,,,,,
16.69724392361111,49.481770833333336,92.0,0.033447265625,0.96484375,96.0,92.625,reward_corruption_training_sweep,reward_corruption_training,high,plain_dqn,DQN,7,362.23798910202885,,,,,,
17.588671875000003,52.2265625,94.28125,0.004231770833333334,0.99609375,96.0,95.625,reward_corruption_training_sweep,reward_corruption_training,high,dqn_rnd,DQN+RND,7,471.15091893110855,0.0,,,,,
17.544661458333334,52.06119791666667,94.125,0.007649739583333334,0.9921875,96.0,95.25,reward_corruption_training_sweep,reward_corruption_training,high,psaim_lite,Simplified PSAIM,7,384.9079916508721,0.00648350918389744,0.0067862089253829605,0.08618048578500748,0.0,0.9553948685026024,
4.218576388888889,14.010416666666666,40.25,0.5657552083333334,0.23958333333333334,96.0,23.0,reward_corruption_training_sweep,clean,clean,heuristic_sjf_bestfit,SJF best-fit heuristic,8,0.0,,,,,,
6.885763888888889,19.177083333333332,81.0,0.5598958333333334,0.34375,96.0,33.0,reward_corruption_training_sweep,clean,clean,deeprm_inspired_pg,PG proxy,8,0.0,,,,,,
3.3461805555555557,12.46875,71.5,0.579833984375,0.19140625,96.0,18.375,reward_corruption_training_sweep,clean,clean,plain_dqn,DQN,8,0.0,,,,,,
3.6460937500000004,13.744791666666668,73.5,0.54736328125,0.22135416666666666,96.0,21.25,reward_corruption_training_sweep,clean,clean,dqn_rnd,DQN+RND,8,0.0,0.0,,,,,
3.6103732638888886,13.51171875,73.21875,0.5572916666666667,0.21875,96.0,21.0,reward_corruption_training_sweep,clean,clean,psaim_lite,Simplified PSAIM,8,0.0,0.0272302310078468,0.033774696245741476,0.04239008715376258,0.0,0.7863511883370619,
4.218576388888889,14.010416666666666,40.25,0.5657552083333334,0.23958333333333334,96.0,23.0,reward_corruption_training_sweep,reward_corruption_training,low,heuristic_sjf_bestfit,SJF best-fit heuristic,8,0.0,,,,,,
3.0107638888888886,11.34375,65.5,0.5930989583333334,0.17708333333333334,96.0,17.0,reward_corruption_training_sweep,reward_corruption_training,low,deeprm_inspired_pg,PG proxy,8,-56.27552821340326,,,,,,
3.1015842013888886,11.752604166666666,68.0,0.586669921875,0.18098958333333334,96.0,17.375,reward_corruption_training_sweep,reward_corruption_training,low,plain_dqn,DQN,8,-7.309717754487925,,,,,,
6.867599826388888,19.157552083333332,81.0,0.5594075520833334,0.34244791666666663,96.0,32.875,reward_corruption_training_sweep,reward_corruption_training,low,dqn_rnd,DQN+RND,8,88.35499845249146,0.0,,,,,
3.0378689236111107,11.430989583333334,65.5,0.5896809895833333,0.1796875,96.0,17.25,reward_corruption_training_sweep,reward_corruption_training,low,psaim_lite,Simplified PSAIM,8,-15.857206400346229,0.013051301330262673,0.02966663121991582,0.04475935688242316,0.002041097264736891,0.44737084528257165,
4.218576388888889,14.010416666666666,40.25,0.5657552083333334,0.23958333333333334,96.0,23.0,reward_corruption_training_sweep,reward_corruption_training,medium,heuristic_sjf_bestfit,SJF best-fit heuristic,8,0.0,,,,,,
3.6319444444444446,13.71875,73.5,0.546875,0.21875,96.0,21.0,reward_corruption_training_sweep,reward_corruption_training,medium,deeprm_inspired_pg,PG proxy,8,-47.25429882507185,,,,,,
12.5515625,38.73307291666667,76.3125,0.16455078125,0.7578125,96.0,72.75,reward_corruption_training_sweep,reward_corruption_training,medium,plain_dqn,DQN,8,275.1011725640759,,,,,,
9.180837673611112,28.455729166666664,81.09375,0.3720703125,0.49088541666666674,96.0,47.125,reward_corruption_training_sweep,reward_corruption_training,medium,dqn_rnd,DQN+RND,8,151.7992762421732,0.0,,,,,
6.145182291666667,21.37890625,75.15625,0.315185546875,0.45572916666666663,96.0,43.75,reward_corruption_training_sweep,reward_corruption_training,medium,psaim_lite,Simplified PSAIM,8,70.20905713907892,-0.04052095318883986,0.03640801647789282,0.09321772214025259,0.011325343511998653,0.9102239489580293,
4.218576388888889,14.010416666666666,40.25,0.5657552083333334,0.23958333333333334,96.0,23.0,reward_corruption_training_sweep,reward_corruption_training,high,heuristic_sjf_bestfit,SJF best-fit heuristic,8,0.0,,,,,,
5.085416666666666,19.677083333333332,85.0,0.40625,0.34375,96.0,33.0,reward_corruption_training_sweep,reward_corruption_training,high,deeprm_inspired_pg,PG proxy,8,-26.145933134990674,,,,,,
17.55913628472222,52.22135416666667,94.03125,0.006429036458333334,0.9921875,96.0,95.25,reward_corruption_training_sweep,reward_corruption_training,high,plain_dqn,DQN,8,424.7516083843519,,,,,,
16.768077256944444,49.736979166666664,89.90625,0.07023111979166666,0.9192708333333334,96.0,88.25,reward_corruption_training_sweep,reward_corruption_training,high,dqn_rnd,DQN+RND,8,359.8915553650929,0.0,,,,,
17.525759548611113,52.03255208333333,93.9375,0.007486979166666666,0.9908854166666667,96.0,95.125,reward_corruption_training_sweep,reward_corruption_training,high,psaim_lite,Simplified PSAIM,8,385.4279119531636,0.006197223230160661,0.006484818151705832,0.0878603383898735,0.0,0.9556510429718806,
4.218576388888889,14.010416666666666,40.25,0.5657552083333334,0.23958333333333334,96.0,23.0,reward_corruption_training_sweep,clean,clean,heuristic_sjf_bestfit,SJF best-fit heuristic,9,0.0,,,,,,
4.9421875,18.90625,82.5,0.4134114583333333,0.3645833333333333,96.0,35.0,reward_corruption_training_sweep,clean,clean,deeprm_inspired_pg,PG proxy,9,0.0,,,,,,
3.133832465277777,11.77734375,68.5,0.5865071614583333,0.1796875,96.0,17.25,reward_corruption_training_sweep,clean,clean,plain_dqn,DQN,9,0.0,,,,,,
3.3088975694444445,12.360677083333332,71.28125,0.580810546875,0.18880208333333331,96.0,18.125,reward_corruption_training_sweep,clean,clean,dqn_rnd,DQN+RND,9,0.0,0.0,,,,,
3.057964409722222,11.475260416666668,65.5625,0.5904947916666667,0.18098958333333334,96.0,17.375,reward_corruption_training_sweep,clean,clean,psaim_lite,Simplified PSAIM,9,0.0,0.013182678913553408,0.019449975278558913,0.036155751906335354,0.0,0.6744361615137517,
4.218576388888889,14.010416666666666,40.25,0.5657552083333334,0.23958333333333334,96.0,23.0,reward_corruption_training_sweep,reward_corruption_training,low,heuristic_sjf_bestfit,SJF best-fit heuristic,9,0.0,,,,,,
17.578819444444445,52.208333333333336,94.5,0.0546875,0.96875,96.0,93.0,reward_corruption_training_sweep,reward_corruption_training,low,deeprm_inspired_pg,PG proxy,9,255.68904345382373,,,,,,
6.787478298611111,18.984375,81.0,0.5604654947916666,0.3372395833333333,96.0,32.375,reward_corruption_training_sweep,reward_corruption_training,low,plain_dqn,DQN,9,116.58714605247671,,,,,,
5.157486979166667,16.837239583333336,81.4375,0.54736328125,0.26041666666666663,96.0,25.0,reward_corruption_training_sweep,reward_corruption_training,low,dqn_rnd,DQN+RND,9,55.867229822789476,0.0,,,,,
3.7430555555555554,12.5625,71.3125,0.59912109375,0.19791666666666666,96.0,19.0,reward_corruption_training_sweep,reward_corruption_training,low,psaim_lite,Simplified PSAIM,9,22.403502920283014,0.020842206774473408,0.024098435171981555,0.04601843515411019,0.0,0.8832257903394158,
4.218576388888889,14.010416666666666,40.25,0.5657552083333334,0.23958333333333334,96.0,23.0,reward_corruption_training_sweep,reward_corruption_training,medium,heuristic_sjf_bestfit,SJF best-fit heuristic,9,0.0,,,,,,
5.639930555555555,16.729166666666668,44.5,0.5677083333333334,0.3020833333333333,96.0,29.0,reward_corruption_training_sweep,reward_corruption_training,medium,deeprm_inspired_pg,PG proxy,9,14.118101661573036,,,,,,
9.896571180555554,32.09895833333333,87.75,0.23063151041666669,0.640625,96.0,61.5,reward_corruption_training_sweep,reward_corruption_training,medium,plain_dqn,DQN,9,215.797710637296,,,,,,
6.085394965277779,20.182291666666664,77.375,0.44571940104166663,0.34114583333333337,96.0,32.75,reward_corruption_training_sweep,reward_corruption_training,medium,dqn_rnd,DQN+RND,9,83.91004367957818,0.0,,,,,
11.61857638888889,37.55989583333333,93.90625,0.099609375,0.6640625,96.0,63.75,reward_corruption_training_sweep,reward_corruption_training,medium,psaim_lite,Simplified PSAIM,9,279.94478784480987,0.03736063352047703,0.040315551317329355,0.048551362939178944,0.0,0.9298395403120314,
4.218576388888889,14.010416666666666,40.25,0.5657552083333334,0.23958333333333334,96.0,23.0,reward_corruption_training_sweep,reward_corruption_training,high,heuristic_sjf_bestfit,SJF best-fit heuristic,9,0.0,,,,,,
5.085416666666666,19.677083333333332,85.0,0.40625,0.34375,96.0,33.0,reward_corruption_training_sweep,reward_corruption_training,high,deeprm_inspired_pg,PG proxy,9,2.8980925281905243,,,,,,
5.610460069444445,17.059895833333336,46.78125,0.5767415364583333,0.3190104166666667,96.0,30.625,reward_corruption_training_sweep,reward_corruption_training,high,plain_dqn,DQN,9,79.02871744444525,,,,,,
17.583723958333334,52.256510416666664,94.21875,0.00439453125,0.9947916666666667,96.0,95.5,reward_corruption_training_sweep,reward_corruption_training,high,dqn_rnd,DQN+RND,9,431.4073219040623,0.0,,,,,
17.579188368055554,52.18359375,94.21875,0.006510416666666668,0.9947916666666667,96.0,95.5,reward_corruption_training_sweep,reward_corruption_training,high,psaim_lite,Simplified PSAIM,9,474.8656953679982,0.006576985696385112,0.007372097807744856,0.08969689905643463,0.00017093122005462646,0.9548928361797757,
4.218576388888889,14.010416666666666,40.25,0.5657552083333334,0.23958333333333334,96.0,23.0,reward_corruption_online_adaptation,clean,clean,heuristic_sjf_bestfit,SJF best-fit heuristic,0,0.0,,,,,,
4.218576388888889,14.010416666666666,40.25,0.5657552083333334,0.23958333333333334,96.0,23.0,reward_corruption_online_adaptation,reward_corruption_online,high,heuristic_sjf_bestfit,SJF best-fit heuristic,0,0.0,,,,,,
11.080208333333331,34.15625,94.5,0.3736979166666667,0.4791666666666667,96.0,46.0,reward_corruption_online_adaptation,clean,clean,deeprm_inspired_pg,PG proxy,0,0.0,,,,,,
14.225347222222222,42.90364583333333,94.5,0.24934895833333334,0.65625,96.0,63.0,reward_corruption_online_adaptation,reward_corruption_online,high,deeprm_inspired_pg,PG proxy,0,28.385196327285286,,,,,,1.2475349381566048
3.367317708333333,12.54296875,71.34375,0.5791015625,0.19270833333333331,96.0,18.5,reward_corruption_online_adaptation,clean,clean,plain_dqn,DQN,0,0.0,,,,,,
3.6576388888888887,13.381510416666668,71.0625,0.560791015625,0.21484375,96.0,20.625,reward_corruption_online_adaptation,reward_corruption_online,high,plain_dqn,DQN,0,8.621734142789009,,,,,,
3.7275173611111114,13.803385416666668,73.5,0.550048828125,0.22916666666666669,96.0,22.0,reward_corruption_online_adaptation,clean,clean,dqn_rnd,DQN+RND,0,0.0,0.0,,,,,
3.8407118055555554,13.98828125,74.5625,0.5498046875,0.22395833333333331,96.0,21.5,reward_corruption_online_adaptation,reward_corruption_online,high,dqn_rnd,DQN+RND,0,3.036724808458103,0.0,,,,,
3.735221354166667,13.787760416666666,74.75,0.5542805989583334,0.22135416666666666,96.0,21.25,reward_corruption_online_adaptation,clean,clean,psaim_lite,Simplified PSAIM,0,0.0,0.025675646037473996,0.0325906753770246,0.04131387686356902,0.0,0.7766786183898996,
3.767339409722222,13.635416666666666,69.96875,0.5555013020833334,0.21744791666666666,96.0,20.875,reward_corruption_online_adaptation,reward_corruption_online,high,psaim_lite,Simplified PSAIM,0,0.8598702060783474,-0.02704480473633709,0.029263367285697044,0.07805181108415127,0.011396643240004778,0.9225047111768105,
4.218576388888889,14.010416666666666,40.25,0.5657552083333334,0.23958333333333334,96.0,23.0,reward_corruption_online_adaptation,clean,clean,heuristic_sjf_bestfit,SJF best-fit heuristic,1,0.0,,,,,,
4.218576388888889,14.010416666666666,40.25,0.5657552083333334,0.23958333333333334,96.0,23.0,reward_corruption_online_adaptation,reward_corruption_online,high,heuristic_sjf_bestfit,SJF best-fit heuristic,1,0.0,,,,,,
5.537152777777778,16.46875,81.0,0.578125,0.2604166666666667,96.0,25.0,reward_corruption_online_adaptation,clean,clean,deeprm_inspired_pg,PG proxy,1,0.0,,,,,,
5.805772569444445,16.977864583333336,81.0,0.5817057291666666,0.26692708333333337,96.0,25.625,reward_corruption_online_adaptation,reward_corruption_online,high,deeprm_inspired_pg,PG proxy,1,4.8512259359127095,,,,,,1.2889691144227982
3.703776041666667,13.748697916666668,73.3125,0.5535481770833334,0.21614583333333331,96.0,20.75,reward_corruption_online_adaptation,clean,clean,plain_dqn,DQN,1,0.0,,,,,,
3.6380425347222225,13.329427083333334,70.78125,0.5594889322916667,0.21744791666666669,96.0,20.875,reward_corruption_online_adaptation,reward_corruption_online,high,plain_dqn,DQN,1,-1.7747700240229687,,,,,,
3.6215711805555557,13.5859375,72.96875,0.55078125,0.21744791666666669,96.0,20.875,reward_corruption_online_adaptation,clean,clean,dqn_rnd,DQN+RND,1,0.0,0.0,,,,,
3.5697699652777777,13.19921875,71.5,0.5657552083333334,0.2109375,96.0,20.25,reward_corruption_online_adaptation,reward_corruption_online,high,dqn_rnd,DQN+RND,1,-1.4303519852350832,0.0,,,,,
3.0837673611111107,11.490885416666668,65.125,0.5923665364583334,0.18229166666666669,96.0,17.5,reward_corruption_online_adaptation,clean,clean,psaim_lite,Simplified PSAIM,1,0.0,0.004280908988358134,0.016979922458061337,0.04211885668337345,0.0031462199985980988,0.8370998792014711,
3.642730034722222,13.2578125,72.625,0.57177734375,0.21354166666666666,96.0,20.5,reward_corruption_online_adaptation,reward_corruption_online,high,psaim_lite,Simplified PSAIM,1,18.125967628430683,-0.0013480714366651547,0.025101952054368416,0.05370046594180167,0.00553320674225688,0.8447870672254612,
4.218576388888889,14.010416666666666,40.25,0.5657552083333334,0.23958333333333334,96.0,23.0,reward_corruption_online_adaptation,clean,clean,heuristic_sjf_bestfit,SJF best-fit heuristic,2,0.0,,,,,,
4.218576388888889,14.010416666666666,40.25,0.5657552083333334,0.23958333333333334,96.0,23.0,reward_corruption_online_adaptation,reward_corruption_online,high,heuristic_sjf_bestfit,SJF best-fit heuristic,2,0.0,,,,,,
15.271354166666667,46.010416666666664,94.5,0.22330729166666666,0.71875,96.0,69.0,reward_corruption_online_adaptation,clean,clean,deeprm_inspired_pg,PG proxy,2,0.0,,,,,,
16.73667534722222,49.848958333333336,94.5,0.123046875,0.84765625,96.0,81.375,reward_corruption_online_adaptation,reward_corruption_online,high,deeprm_inspired_pg,PG proxy,2,9.595227538851553,,,,,,1.1284683868288994
3.0504774305555555,11.455729166666668,65.5,0.5912272135416667,0.17838541666666669,96.0,17.125,reward_corruption_online_adaptation,clean,clean,plain_dqn,DQN,2,0.0,,,,,,
3.7028645833333336,13.404947916666666,71.0,0.5681966145833334,0.21223958333333331,96.0,20.375,reward_corruption_online_adaptation,reward_corruption_online,high,plain_dqn,DQN,2,21.386395003059068,,,,,,
3.0514973958333336,11.48046875,65.5,0.58935546875,0.1796875,96.0,17.25,reward_corruption_online_adaptation,clean,clean,dqn_rnd,DQN+RND,2,0.0,0.0,,,,,
3.5926649305555554,13.08203125,70.6875,0.5704752604166666,0.20442708333333331,96.0,19.625,reward_corruption_online_adaptation,reward_corruption_online,high,dqn_rnd,DQN+RND,2,17.73449112102009,0.0,,,,,
3.1101562499999997,11.622395833333332,65.6875,0.5885416666666667,0.18229166666666669,96.0,17.5,reward_corruption_online_adaptation,clean,clean,psaim_lite,Simplified PSAIM,2,0.0,0.006694621348231287,0.01959530532976129,0.04411803372204304,0.002419985830783844,0.7508731243386776,
3.5392144097222222,13.005208333333332,70.28125,0.571044921875,0.20963541666666669,96.0,20.125,reward_corruption_online_adaptation,reward_corruption_online,high,psaim_lite,Simplified PSAIM,2,13.795389209857946,-0.039576949560880016,0.03333786738476416,0.06947533367201686,0.00829292694106698,0.8446640616668468,
4.218576388888889,14.010416666666666,40.25,0.5657552083333334,0.23958333333333334,96.0,23.0,reward_corruption_online_adaptation,clean,clean,heuristic_sjf_bestfit,SJF best-fit heuristic,3,0.0,,,,,,
4.218576388888889,14.010416666666666,40.25,0.5657552083333334,0.23958333333333334,96.0,23.0,reward_corruption_online_adaptation,reward_corruption_online,high,heuristic_sjf_bestfit,SJF best-fit heuristic,3,0.0,,,,,,
3.8307291666666665,14.572916666666666,73.5,0.513671875,0.23958333333333334,96.0,23.0,reward_corruption_online_adaptation,clean,clean,deeprm_inspired_pg,PG proxy,3,0.0,,,,,,
3.8639322916666665,14.70703125,73.5,0.49137369791666663,0.25390625,96.0,24.375,reward_corruption_online_adaptation,reward_corruption_online,high,deeprm_inspired_pg,PG proxy,3,0.8667573079537729,,,,,,1.1126196756958961
6.770746527777778,19.046875,80.75,0.5574544270833334,0.3372395833333333,96.0,32.375,reward_corruption_online_adaptation,clean,clean,plain_dqn,DQN,3,0.0,,,,,,
3.3515842013888886,12.25,66.375,0.580078125,0.19140625,96.0,18.375,reward_corruption_online_adaptation,reward_corruption_online,high,plain_dqn,DQN,3,-50.499044859549485,,,,,,
3.6254557291666667,13.64453125,73.5,0.5513509114583333,0.21744791666666669,96.0,20.875,reward_corruption_online_adaptation,clean,clean,dqn_rnd,DQN+RND,3,0.0,0.0,,,,,
3.4645399305555555,12.838541666666666,70.09375,0.5712076822916667,0.203125,96.0,19.5,reward_corruption_online_adaptation,reward_corruption_online,high,dqn_rnd,DQN+RND,3,-4.43849851251938,0.0,,,,,
3.634201388888889,13.661458333333332,73.625,0.5506184895833334,0.21614583333333331,96.0,20.75,reward_corruption_online_adaptation,clean,clean,psaim_lite,Simplified PSAIM,3,0.0,0.014189101214535864,0.017678866328196256,0.038119763135910034,0.0,0.8039807048468957,
3.485763888888889,13.006510416666668,71.4375,0.5629069010416666,0.20703125,96.0,19.875,reward_corruption_online_adaptation,reward_corruption_online,high,psaim_lite,Simplified PSAIM,3,-4.084459943629676,-0.027170761725696605,0.020961563605126535,0.054596144473180175,0.010403239168226719,0.8125349124246074,
4.218576388888889,14.010416666666666,40.25,0.5657552083333334,0.23958333333333334,96.0,23.0,reward_corruption_online_adaptation,clean,clean,heuristic_sjf_bestfit,SJF best-fit heuristic,4,0.0,,,,,,
4.218576388888889,14.010416666666666,40.25,0.5657552083333334,0.23958333333333334,96.0,23.0,reward_corruption_online_adaptation,reward_corruption_online,high,heuristic_sjf_bestfit,SJF best-fit heuristic,4,0.0,,,,,,
4.610416666666667,14.760416666666666,44.25,0.5638020833333334,0.28125,96.0,27.0,reward_corruption_online_adaptation,clean,clean,deeprm_inspired_pg,PG proxy,4,0.0,,,,,,
4.644596354166667,14.782552083333332,44.96875,0.5651041666666667,0.27734375,96.0,26.625,reward_corruption_online_adaptation,reward_corruption_online,high,deeprm_inspired_pg,PG proxy,4,0.7413578852236783,,,,,,1.1639257669448853
3.4172960069444445,12.709635416666666,73.6875,0.5771484375,0.19401041666666666,96.0,18.625,reward_corruption_online_adaptation,clean,clean,plain_dqn,DQN,4,0.0,,,,,,
3.649131944444444,12.947916666666666,70.40625,0.5807291666666666,0.203125,96.0,19.5,reward_corruption_online_adaptation,reward_corruption_online,high,plain_dqn,DQN,4,6.7841924442271075,,,,,,
3.5596571180555556,13.282552083333334,72.4375,0.5611979166666667,0.203125,96.0,19.5,reward_corruption_online_adaptation,clean,clean,dqn_rnd,DQN+RND,4,0.0,0.0,,,,,
3.4534505208333335,12.524739583333332,67.0625,0.5797526041666667,0.1953125,96.0,18.75,reward_corruption_online_adaptation,reward_corruption_online,high,dqn_rnd,DQN+RND,4,-2.983618750342925,0.0,,,,,
3.646896701388889,13.682291666666668,73.8125,0.551025390625,0.22005208333333331,96.0,21.125,reward_corruption_online_adaptation,clean,clean,psaim_lite,Simplified PSAIM,4,0.0,0.030279386367216745,0.03782135382317413,0.037143921945244074,0.0,0.7635608017777789,
3.4745442708333334,12.674479166666668,69.3125,0.5752766927083334,0.20052083333333331,96.0,19.25,reward_corruption_online_adaptation,reward_corruption_online,high,psaim_lite,Simplified PSAIM,4,-4.726002534974922,-0.011671360134248587,0.01997531029166686,0.059838084038347006,0.00791143300011754,0.870121502929693,
4.218576388888889,14.010416666666666,40.25,0.5657552083333334,0.23958333333333334,96.0,23.0,reward_corruption_online_adaptation,clean,clean,heuristic_sjf_bestfit,SJF best-fit heuristic,5,0.0,,,,,,
4.218576388888889,14.010416666666666,40.25,0.5657552083333334,0.23958333333333334,96.0,23.0,reward_corruption_online_adaptation,reward_corruption_online,high,heuristic_sjf_bestfit,SJF best-fit heuristic,5,0.0,,,,,,
5.400347222222222,16.354166666666668,40.25,0.5677083333333334,0.28125,96.0,27.0,reward_corruption_online_adaptation,clean,clean,deeprm_inspired_pg,PG proxy,5,0.0,,,,,,
5.38671875,16.341145833333336,40.5625,0.56640625,0.28125,96.0,27.0,reward_corruption_online_adaptation,reward_corruption_online,high,deeprm_inspired_pg,PG proxy,5,-0.2523628881887691,,,,,,0.7028371021151543
3.080772569444444,11.493489583333334,65.0625,0.5921223958333334,0.1796875,96.0,17.25,reward_corruption_online_adaptation,clean,clean,plain_dqn,DQN,5,0.0,,,,,,
3.7127387152777773,13.692708333333332,72.375,0.5537109375,0.22265625,96.0,21.375,reward_corruption_online_adaptation,reward_corruption_online,high,plain_dqn,DQN,5,20.513235936377338,,,,,,
3.5933593749999995,13.498697916666666,73.4375,0.559326171875,0.21223958333333334,96.0,20.375,reward_corruption_online_adaptation,clean,clean,dqn_rnd,DQN+RND,5,0.0,0.0,,,,,
3.9506510416666663,13.70703125,72.09375,0.56591796875,0.21484375,96.0,20.625,reward_corruption_online_adaptation,reward_corruption_online,high,dqn_rnd,DQN+RND,5,9.943109758307067,0.0,,,,,
3.0627604166666664,11.44921875,65.5,0.5934244791666667,0.18098958333333334,96.0,17.375,reward_corruption_online_adaptation,clean,clean,psaim_lite,Simplified PSAIM,5,0.0,0.013108206843165656,0.01590203148891812,0.03926182817667723,0.0,0.8196018469676389,
3.534092881944444,12.794270833333332,68.28125,0.5768229166666667,0.203125,96.0,19.5,reward_corruption_online_adaptation,reward_corruption_online,high,psaim_lite,Simplified PSAIM,5,15.389139245529,0.005775373042321585,0.01988352904307964,0.06070179562084377,0.003900500014424324,0.9329378948564342,
4.218576388888889,14.010416666666666,40.25,0.5657552083333334,0.23958333333333334,96.0,23.0,reward_corruption_online_adaptation,clean,clean,heuristic_sjf_bestfit,SJF best-fit heuristic,6,0.0,,,,,,
4.218576388888889,14.010416666666666,40.25,0.5657552083333334,0.23958333333333334,96.0,23.0,reward_corruption_online_adaptation,reward_corruption_online,high,heuristic_sjf_bestfit,SJF best-fit heuristic,6,0.0,,,,,,
3.911979166666667,12.90625,39.75,0.5859375,0.21875,96.0,21.0,reward_corruption_online_adaptation,clean,clean,deeprm_inspired_pg,PG proxy,6,0.0,,,,,,
4.382855902777777,13.9609375,38.46875,0.5860188802083333,0.26041666666666663,96.0,25.0,reward_corruption_online_adaptation,reward_corruption_online,high,deeprm_inspired_pg,PG proxy,6,12.036790485066328,,,,,,1.0554552152752876
3.6461588541666665,13.725260416666666,74.375,0.550537109375,0.21744791666666669,96.0,20.875,reward_corruption_online_adaptation,clean,clean,plain_dqn,DQN,6,0.0,,,,,,
3.522287326388889,13.016927083333334,71.1875,0.5652669270833334,0.20833333333333331,96.0,20.0,reward_corruption_online_adaptation,reward_corruption_online,high,plain_dqn,DQN,6,-3.397315715858691,,,,,,
3.6417317708333337,13.735677083333332,73.5,0.5472819010416667,0.22265625,96.0,21.375,reward_corruption_online_adaptation,clean,clean,dqn_rnd,DQN+RND,6,0.0,0.0,,,,,
3.9340711805555557,14.044270833333332,72.53125,0.5531412760416666,0.22265625,96.0,21.375,reward_corruption_online_adaptation,reward_corruption_online,high,dqn_rnd,DQN+RND,6,8.027483299664498,0.0,,,,,
3.6522786458333334,13.770833333333332,74.0,0.5492350260416667,0.22135416666666669,96.0,21.25,reward_corruption_online_adaptation,clean,clean,psaim_lite,Simplified PSAIM,6,0.0,0.03412593408605417,0.041924894954406024,0.035984608810395,0.0,0.7960403472428073,
3.3861328124999996,12.575520833333332,69.15625,0.5689290364583333,0.20052083333333334,96.0,19.25,reward_corruption_online_adaptation,reward_corruption_online,high,psaim_lite,Simplified PSAIM,6,-7.287117417422782,0.0172164569044974,0.03795658351888958,0.058062086813151836,0.005009419750422239,0.8798713810016119,
4.218576388888889,14.010416666666666,40.25,0.5657552083333334,0.23958333333333334,96.0,23.0,reward_corruption_online_adaptation,clean,clean,heuristic_sjf_bestfit,SJF best-fit heuristic,7,0.0,,,,,,
4.218576388888889,14.010416666666666,40.25,0.5657552083333334,0.23958333333333334,96.0,23.0,reward_corruption_online_adaptation,reward_corruption_online,high,heuristic_sjf_bestfit,SJF best-fit heuristic,7,0.0,,,,,,
4.958159722222223,18.885416666666668,85.0,0.4557291666666667,0.3020833333333333,96.0,29.0,reward_corruption_online_adaptation,clean,clean,deeprm_inspired_pg,PG proxy,7,0.0,,,,,,
5.051236979166667,19.43359375,85.0,0.43245442708333337,0.33203125,96.0,31.875,reward_corruption_online_adaptation,reward_corruption_online,high,deeprm_inspired_pg,PG proxy,7,1.8772541055359084,,,,,,1.2921707406640053
3.4088324652777775,12.47265625,70.53125,0.5804850260416666,0.19010416666666666,96.0,18.25,reward_corruption_online_adaptation,clean,clean,plain_dqn,DQN,7,0.0,,,,,,
3.686393229166667,13.430989583333334,72.6875,0.5635579427083333,0.21744791666666669,96.0,20.875,reward_corruption_online_adaptation,reward_corruption_online,high,plain_dqn,DQN,7,8.142399684235333,,,,,,
3.660915798611111,13.783854166666668,73.5,0.546630859375,0.22135416666666669,96.0,21.25,reward_corruption_online_adaptation,clean,clean,dqn_rnd,DQN+RND,7,0.0,0.0,,,,,
3.6580512152777778,13.404947916666668,71.1875,0.5615234375,0.21223958333333334,96.0,20.375,reward_corruption_online_adaptation,reward_corruption_online,high,dqn_rnd,DQN+RND,7,-0.07824772518450619,0.0,,,,,
3.0453993055555557,11.416666666666666,64.75,0.5919596354166667,0.17838541666666669,96.0,17.125,reward_corruption_online_adaptation,clean,clean,psaim_lite,Simplified PSAIM,7,0.0,-0.004623728530532799,0.01621459439161816,0.045080166310071945,0.004587237723171711,0.6297345272535703,
3.6247178819444446,13.263020833333332,71.125,0.56005859375,0.21484375,96.0,20.625,reward_corruption_online_adaptation,reward_corruption_online,high,psaim_lite,Simplified PSAIM,7,19.02274605934498,-0.004066663671571869,0.046897430480274685,0.05751630291342735,0.011136805638670921,0.9344111833793544,
4.218576388888889,14.010416666666666,40.25,0.5657552083333334,0.23958333333333334,96.0,23.0,reward_corruption_online_adaptation,clean,clean,heuristic_sjf_bestfit,SJF best-fit heuristic,8,0.0,,,,,,
4.218576388888889,14.010416666666666,40.25,0.5657552083333334,0.23958333333333334,96.0,23.0,reward_corruption_online_adaptation,reward_corruption_online,high,heuristic_sjf_bestfit,SJF best-fit heuristic,8,0.0,,,,,,
14.31371527777778,42.197916666666664,84.5,0.09635416666666667,0.8854166666666666,96.0,85.0,reward_corruption_online_adaptation,clean,clean,deeprm_inspired_pg,PG proxy,8,0.0,,,,,,
13.235894097222225,39.33854166666667,80.84375,0.1181640625,0.84765625,96.0,81.375,reward_corruption_online_adaptation,reward_corruption_online,high,deeprm_inspired_pg,PG proxy,8,-7.529988962606272,,,,,,1.484903335571289
3.0471354166666664,11.419270833333332,65.4375,0.593017578125,0.17838541666666669,96.0,17.125,reward_corruption_online_adaptation,clean,clean,plain_dqn,DQN,8,0.0,,,,,,
3.695399305555555,13.057291666666666,67.65625,0.5718587239583334,0.21223958333333331,96.0,20.375,reward_corruption_online_adaptation,reward_corruption_online,high,plain_dqn,DQN,8,21.27453494003361,,,,,,
3.5168836805555554,13.063802083333334,74.0,0.573486328125,0.19921875,96.0,19.125,reward_corruption_online_adaptation,clean,clean,dqn_rnd,DQN+RND,8,0.0,0.0,,,,,
3.6217881944444446,13.15234375,69.625,0.570556640625,0.20833333333333331,96.0,20.0,reward_corruption_online_adaptation,reward_corruption_online,high,dqn_rnd,DQN+RND,8,2.9828826716360872,0.0,,,,,
3.655837673611111,13.658854166666668,72.875,0.5536295572916667,0.21875,96.0,21.0,reward_corruption_online_adaptation,clean,clean,psaim_lite,Simplified PSAIM,8,0.0,0.04384125907762297,0.06663837868405895,0.031835427740588784,0.0018745576962828636,0.7284883639217995,
3.5167751736111112,12.798177083333334,68.0625,0.57373046875,0.20182291666666669,96.0,19.375,reward_corruption_online_adaptation,reward_corruption_online,high,psaim_lite,Simplified PSAIM,8,-3.803847774855892,-6.34610839562249e-05,0.019587638824151585,0.05775181436911225,0.004991231486201286,0.9137601485433986,
4.218576388888889,14.010416666666666,40.25,0.5657552083333334,0.23958333333333334,96.0,23.0,reward_corruption_online_adaptation,clean,clean,heuristic_sjf_bestfit,SJF best-fit heuristic,9,0.0,,,,,,
4.218576388888889,14.010416666666666,40.25,0.5657552083333334,0.23958333333333334,96.0,23.0,reward_corruption_online_adaptation,reward_corruption_online,high,heuristic_sjf_bestfit,SJF best-fit heuristic,9,0.0,,,,,,
4.641145833333334,17.84375,85.0,0.4876302083333333,0.2708333333333333,96.0,26.0,reward_corruption_online_adaptation,clean,clean,deeprm_inspired_pg,PG proxy,9,0.0,,,,,,
4.815256076388889,18.55078125,85.0,0.46525065104166663,0.29427083333333337,96.0,28.25,reward_corruption_online_adaptation,reward_corruption_online,high,deeprm_inspired_pg,PG proxy,9,3.7514495193206776,,,,,,1.231612667441368
3.584939236111111,13.236979166666666,73.9375,0.5670572916666667,0.20182291666666666,96.0,19.375,reward_corruption_online_adaptation,clean,clean,plain_dqn,DQN,9,0.0,,,,,,
3.8737630208333336,13.602864583333332,72.78125,0.5689290364583333,0.21354166666666666,96.0,20.5,reward_corruption_online_adaptation,reward_corruption_online,high,plain_dqn,DQN,9,8.056588011671137,,,,,,
3.377105034722222,12.770833333333332,73.5,0.56884765625,0.19791666666666666,96.0,19.0,reward_corruption_online_adaptation,clean,clean,dqn_rnd,DQN+RND,9,0.0,0.0,,,,,
3.7210720486111106,13.450520833333332,72.53125,0.5646158854166667,0.2109375,96.0,20.25,reward_corruption_online_adaptation,reward_corruption_online,high,dqn_rnd,DQN+RND,9,10.185262535584158,0.0,,,,,
3.602864583333333,13.598958333333334,73.25,0.5487467447916667,0.22005208333333331,96.0,21.125,reward_corruption_online_adaptation,clean,clean,psaim_lite,Simplified PSAIM,9,0.0,0.03430660255807937,0.039805719043518636,0.04581744410097599,0.0,0.8592618553272469,
3.600455729166667,13.13671875,70.71875,0.5641276041666667,0.20833333333333331,96.0,20.0,reward_corruption_online_adaptation,reward_corruption_online,high,psaim_lite,Simplified PSAIM,9,-0.06685941452835857,0.01847346033473092,0.0329234757117298,0.05936385039240122,0.0031376113183796406,0.8920067058358254,
