average_slowdown,mean_completion_time,p95_completion_time,utilization,task_failure_rate,tasks_arrived,tasks_failed,experiment,scenario,severity,method,method_label,seed,degradation_pct,agent_r_int,agent_V_epi,agent_V_ale,agent_V_ale_excess,agent_gate_h3,agent_pg_loss,adaptation_lag_steps
4.218576388888889,14.010416666666666,40.25,0.5657552083333334,0.2395833333333333,96.0,23.0,reward_corruption_training_sweep,clean,clean,heuristic_sjf_bestfit,SJF best-fit heuristic,0,0.0,,,,,,,
4.957118055555555,19.010416666666668,85.0,0.4342447916666667,0.3125,96.0,30.0,reward_corruption_training_sweep,clean,clean,deeprm_inspired_pg,PG proxy,0,0.0,,,,,,,
3.044596354166666,11.42578125,65.5625,0.590087890625,0.1796875,96.0,17.25,reward_corruption_training_sweep,clean,clean,plain_dqn,DQN,0,0.0,,,,,,,
3.683355034722222,13.55078125,75.875,0.56591796875,0.2083333333333333,96.0,20.0,reward_corruption_training_sweep,clean,clean,dqn_rnd,DQN+RND,0,0.0,0.0,,,,,,
3.051649305555556,11.432291666666666,64.8125,0.5921223958333334,0.1796875,96.0,17.25,reward_corruption_training_sweep,clean,clean,psaim_lite,Simplified PSAIM,0,0.0,0.014169910286892,0.0198870514661547,0.0316522410139441,0.0,0.7120508929636878,,
4.218576388888889,14.010416666666666,40.25,0.5657552083333334,0.2395833333333333,96.0,23.0,reward_corruption_training_sweep,reward_corruption_training,low,heuristic_sjf_bestfit,SJF best-fit heuristic,0,0.0,,,,,,,
6.736979166666667,19.98958333333333,62.25,0.537109375,0.3645833333333333,96.0,35.0,reward_corruption_training_sweep,reward_corruption_training,low,deeprm_inspired_pg,PG proxy,0,35.905158827443714,,,,,,,
4.124457465277778,15.795572916666666,77.5,0.472900390625,0.2643229166666666,96.0,25.375,reward_corruption_training_sweep,reward_corruption_training,low,plain_dqn,DQN,0,35.46812074557185,,,,,,,
5.305447048611112,17.697916666666664,83.0625,0.5257161458333333,0.30078125,96.0,28.875,reward_corruption_training_sweep,reward_corruption_training,low,dqn_rnd,DQN+RND,0,44.03843774487567,0.0,,,,,,
3.0422960069444445,11.451822916666668,65.75,0.589599609375,0.1783854166666666,96.0,17.125,reward_corruption_training_sweep,reward_corruption_training,low,psaim_lite,Simplified PSAIM,0,-0.3064997866590741,0.0095356541512965,0.0165769908099404,0.042205998674035,0.0,0.5710049007451363,,
4.218576388888889,14.010416666666666,40.25,0.5657552083333334,0.2395833333333333,96.0,23.0,reward_corruption_training_sweep,reward_corruption_training,medium,heuristic_sjf_bestfit,SJF best-fit heuristic,0,0.0,,,,,,,
4.703298611111111,14.625,35.0,0.5950520833333334,0.25,96.0,24.0,reward_corruption_training_sweep,reward_corruption_training,medium,deeprm_inspired_pg,PG proxy,0,-5.120302595173877,,,,,,,
8.334049479166667,26.03645833333333,80.5,0.4020182291666666,0.4739583333333333,96.0,45.5,reward_corruption_training_sweep,reward_corruption_training,medium,plain_dqn,DQN,0,173.7324922484765,,,,,,,
8.159071180555555,25.21484375,62.8125,0.3668619791666666,0.50390625,96.0,48.375,reward_corruption_training_sweep,reward_corruption_training,medium,dqn_rnd,DQN+RND,0,121.51193962139646,0.0,,,,,,
9.29939236111111,29.893229166666664,85.0625,0.2979329427083333,0.5559895833333333,96.0,53.375,reward_corruption_training_sweep,reward_corruption_training,medium,psaim_lite,Simplified PSAIM,0,204.73332385151468,-0.0179810421463039,0.0194183730886698,0.0935300020501017,0.0104707619175314,0.9410203547944412,,
4.218576388888889,14.010416666666666,40.25,0.5657552083333334,0.2395833333333333,96.0,23.0,reward_corruption_training_sweep,reward_corruption_training,high,heuristic_sjf_bestfit,SJF best-fit heuristic,0,0.0,,,,,,,
4.397569444444444,16.635416666666668,85.0,0.5162760416666666,0.25,96.0,24.0,reward_corruption_training_sweep,reward_corruption_training,high,deeprm_inspired_pg,PG proxy,0,-11.28778061849894,,,,,,,
6.147026909722222,18.44140625,58.28125,0.5524088541666667,0.3059895833333333,96.0,29.375,reward_corruption_training_sweep,reward_corruption_training,high,plain_dqn,DQN,0,101.89956876581492,,,,,,,
17.446375868055554,52.0,93.78125,0.0052083333333333,0.9869791666666669,96.0,94.75,reward_corruption_training_sweep,reward_corruption_training,high,dqn_rnd,DQN+RND,0,373.6544727182744,0.0,,,,,,
16.762174479166664,49.71875,89.375,0.115966796875,0.8658854166666667,96.0,83.125,reward_corruption_training_sweep,reward_corruption_training,high,psaim_lite,Simplified PSAIM,0,449.2824633764756,0.0074033488447232,0.0194289400403126,0.0946680530905723,0.0024811988696455,0.938446922571575,,
4.218576388888889,14.010416666666666,40.25,0.5657552083333334,0.2395833333333333,96.0,23.0,reward_corruption_training_sweep,clean,clean,heuristic_sjf_bestfit,SJF best-fit heuristic,1,0.0,,,,,,,
3.010763888888889,11.34375,65.5,0.5930989583333334,0.1770833333333333,96.0,17.0,reward_corruption_training_sweep,clean,clean,deeprm_inspired_pg,PG proxy,1,0.0,,,,,,,
3.0330512152777773,11.39453125,65.5,0.5919596354166667,0.1796875,96.0,17.25,reward_corruption_training_sweep,clean,clean,plain_dqn,DQN,1,0.0,,,,,,,
3.104861111111111,11.606770833333332,66.65625,0.590087890625,0.1809895833333333,96.0,17.375,reward_corruption_training_sweep,clean,clean,dqn_rnd,DQN+RND,1,0.0,0.0,,,,,,
3.111935763888889,11.6015625,65.9375,0.5914713541666666,0.1796875,96.0,17.25,reward_corruption_training_sweep,clean,clean,psaim_lite,Simplified PSAIM,1,0.0,0.0142037391024326,0.0178608501895445,0.0369300311431288,0.0,0.793723044596347,,
4.218576388888889,14.010416666666666,40.25,0.5657552083333334,0.2395833333333333,96.0,23.0,reward_corruption_training_sweep,reward_corruption_training,low,heuristic_sjf_bestfit,SJF best-fit heuristic,1,0.0,,,,,,,
3.6319444444444446,13.71875,73.5,0.546875,0.21875,96.0,21.0,reward_corruption_training_sweep,reward_corruption_training,low,deeprm_inspired_pg,PG proxy,1,20.631991696459483,,,,,,,
4.207942708333333,15.2890625,73.375,0.4988606770833333,0.2799479166666667,96.0,26.875,reward_corruption_training_sweep,reward_corruption_training,low,plain_dqn,DQN,1,38.7362892897262,,,,,,,
3.631380208333333,13.65625,73.875,0.5506998697916667,0.2174479166666666,96.0,20.875,reward_corruption_training_sweep,reward_corruption_training,low,dqn_rnd,DQN+RND,1,16.957895325430552,0.0,,,,,,
3.060438368055556,11.4296875,65.28125,0.591064453125,0.1783854166666666,96.0,17.125,reward_corruption_training_sweep,reward_corruption_training,low,psaim_lite,Simplified PSAIM,1,-1.6548347954643794,0.01154186661892,0.0431240118375757,0.0474539808928966,0.0034039821475744,0.4411577550237294,,
4.218576388888889,14.010416666666666,40.25,0.5657552083333334,0.2395833333333333,96.0,23.0,reward_corruption_training_sweep,reward_corruption_training,medium,heuristic_sjf_bestfit,SJF best-fit heuristic,1,0.0,,,,,,,
4.807118055555556,15.229166666666666,81.0,0.546875,0.2291666666666666,96.0,22.0,reward_corruption_training_sweep,reward_corruption_training,medium,deeprm_inspired_pg,PG proxy,1,59.66439856994582,,,,,,,
11.401844618055556,35.876302083333336,79.46875,0.1722005208333333,0.7122395833333333,96.0,68.375,reward_corruption_training_sweep,reward_corruption_training,medium,plain_dqn,DQN,1,275.91995020141246,,,,,,,
14.160264756944445,42.94401041666667,83.8125,0.125,0.8346354166666667,96.0,80.125,reward_corruption_training_sweep,reward_corruption_training,medium,dqn_rnd,DQN+RND,1,356.0675743681503,0.0087246198095559,,,,,,
10.884635416666669,32.916666666666664,81.1875,0.298095703125,0.6419270833333333,96.0,61.625,reward_corruption_training_sweep,reward_corruption_training,medium,psaim_lite,Simplified PSAIM,1,249.7705686271775,0.0076120076104397,0.0240585980157005,0.0901612238958478,0.0028314115479588,0.9318053875999892,,
4.218576388888889,14.010416666666666,40.25,0.5657552083333334,0.2395833333333333,96.0,23.0,reward_corruption_training_sweep,reward_corruption_training,high,heuristic_sjf_bestfit,SJF best-fit heuristic,1,0.0,,,,,,,
4.291493055555556,15.166666666666666,85.5,0.5579427083333334,0.21875,96.0,21.0,reward_corruption_training_sweep,reward_corruption_training,high,deeprm_inspired_pg,PG proxy,1,42.53834621150965,,,,,,,
16.92515190972222,50.06380208333333,91.5625,0.03662109375,0.9609375,96.0,92.25,reward_corruption_training_sweep,reward_corruption_training,high,plain_dqn,DQN,1,458.02394052789367,,,,,,,
7.730577256944445,23.102864583333336,57.90625,0.426513671875,0.484375,96.0,46.5,reward_corruption_training_sweep,reward_corruption_training,high,dqn_rnd,DQN+RND,1,148.9830295235965,0.0,,,,,,
17.531336805555554,52.13541666666667,94.15625,0.0038248697916666,0.9934895833333334,96.0,95.375,reward_corruption_training_sweep,reward_corruption_training,high,psaim_lite,Simplified PSAIM,1,463.3579268887989,0.005970275017208,0.0062460178396721,0.0874014198780059,0.0,0.955853020349582,,
4.218576388888889,14.010416666666666,40.25,0.5657552083333334,0.2395833333333333,96.0,23.0,reward_corruption_training_sweep,clean,clean,heuristic_sjf_bestfit,SJF best-fit heuristic,2,0.0,,,,,,,
4.928819444444444,15.21875,67.0,0.576171875,0.25,96.0,24.0,reward_corruption_training_sweep,clean,clean,deeprm_inspired_pg,PG proxy,2,0.0,,,,,,,
3.3113498263888888,12.321614583333334,71.28125,0.5833333333333333,0.1848958333333333,96.0,17.75,reward_corruption_training_sweep,clean,clean,plain_dqn,DQN,2,0.0,,,,,,,
3.5841796874999994,13.553385416666666,73.5,0.5546875,0.2109375,96.0,20.25,reward_corruption_training_sweep,clean,clean,dqn_rnd,DQN+RND,2,0.0,0.0,,,,,,
3.379036458333333,12.341145833333334,69.8125,0.5843098958333334,0.1953125,96.0,18.75,reward_corruption_training_sweep,clean,clean,psaim_lite,Simplified PSAIM,2,0.0,0.0129336101793214,0.0209154728941467,0.0483994772657752,0.0,0.6143211981252985,,
4.218576388888889,14.010416666666666,40.25,0.5657552083333334,0.2395833333333333,96.0,23.0,reward_corruption_training_sweep,reward_corruption_training,low,heuristic_sjf_bestfit,SJF best-fit heuristic,2,0.0,,,,,,,
4.341840277777778,14.427083333333334,61.5,0.572265625,0.2291666666666666,96.0,22.0,reward_corruption_training_sweep,reward_corruption_training,low,deeprm_inspired_pg,PG proxy,2,-11.909122930609351,,,,,,,
3.691167534722222,13.84375,73.5,0.5459798177083334,0.22265625,96.0,21.375,reward_corruption_training_sweep,reward_corruption_training,low,plain_dqn,DQN,2,11.470177669133022,,,,,,,
3.1056423611111112,11.541666666666668,65.96875,0.588134765625,0.1848958333333333,96.0,17.75,reward_corruption_training_sweep,reward_corruption_training,low,dqn_rnd,DQN+RND,2,-13.351376552292017,0.0,,,,,,
3.1039713541666667,11.591145833333334,66.78125,0.5902506510416667,0.1809895833333333,96.0,17.375,reward_corruption_training_sweep,reward_corruption_training,low,psaim_lite,Simplified PSAIM,2,-8.14034141266232,0.0122772935041038,0.0189629966003379,0.0427929703146219,0.0,0.6205099020797394,,
4.218576388888889,14.010416666666666,40.25,0.5657552083333334,0.2395833333333333,96.0,23.0,reward_corruption_training_sweep,reward_corruption_training,medium,heuristic_sjf_bestfit,SJF best-fit heuristic,2,0.0,,,,,,,
4.793576388888889,16.770833333333332,85.0,0.548828125,0.2708333333333333,96.0,26.0,reward_corruption_training_sweep,reward_corruption_training,medium,deeprm_inspired_pg,PG proxy,2,-2.743923916872124,,,,,,,
10.216015625,30.217447916666668,94.5,0.36474609375,0.5299479166666667,96.0,50.875,reward_corruption_training_sweep,reward_corruption_training,medium,plain_dqn,DQN,2,208.51514218118191,,,,,,,
6.745247395833333,21.240885416666668,62.4375,0.4700520833333333,0.375,96.0,36.0,reward_corruption_training_sweep,reward_corruption_training,medium,dqn_rnd,DQN+RND,2,88.19501207926909,0.0,,,,,,
10.583094618055556,32.95703125,94.5,0.2451171875,0.62109375,96.0,59.625,reward_corruption_training_sweep,reward_corruption_training,medium,psaim_lite,Simplified PSAIM,2,213.19859221866852,0.0037647480317079,0.0339013542009143,0.0858185747638344,0.005522035062313,0.9155816052349512,,
4.218576388888889,14.010416666666666,40.25,0.5657552083333334,0.2395833333333333,96.0,23.0,reward_corruption_training_sweep,reward_corruption_training,high,heuristic_sjf_bestfit,SJF best-fit heuristic,2,0.0,,,,,,,
15.750868055555555,46.677083333333336,87.25,0.2180989583333333,0.75,96.0,72.0,reward_corruption_training_sweep,reward_corruption_training,high,deeprm_inspired_pg,PG proxy,2,219.5667488552308,,,,,,,
17.56291232638889,52.20182291666667,94.21875,0.002685546875,0.9947916666666669,96.0,95.5,reward_corruption_training_sweep,reward_corruption_training,high,plain_dqn,DQN,2,430.38528839285135,,,,,,,
14.119249131944445,41.61979166666667,85.9375,0.2012532552083333,0.7578125,96.0,72.75,reward_corruption_training_sweep,reward_corruption_training,high,dqn_rnd,DQN+RND,2,293.9325135172773,0.0,,,,,,
5.426605902777778,16.111979166666668,40.59375,0.5882975260416667,0.2721354166666667,96.0,26.125,reward_corruption_training_sweep,reward_corruption_training,high,psaim_lite,Simplified PSAIM,2,60.59625191065215,0.0042737144204304,0.0351021750725908,0.1000019162893295,0.0078104101121425,0.9356655237323334,,
4.218576388888889,14.010416666666666,40.25,0.5657552083333334,0.2395833333333333,96.0,23.0,reward_corruption_training_sweep,clean,clean,heuristic_sjf_bestfit,SJF best-fit heuristic,3,0.0,,,,,,,
3.793055555555556,11.989583333333334,20.0,0.62109375,0.21875,96.0,21.0,reward_corruption_training_sweep,clean,clean,deeprm_inspired_pg,PG proxy,3,0.0,,,,,,,
3.5158854166666664,13.30078125,73.875,0.561279296875,0.2018229166666666,96.0,19.375,reward_corruption_training_sweep,clean,clean,plain_dqn,DQN,3,0.0,,,,,,,
3.2984375,12.337239583333332,70.53125,0.580078125,0.1888020833333333,96.0,18.125,reward_corruption_training_sweep,clean,clean,dqn_rnd,DQN+RND,3,0.0,0.0,,,,,,
3.064778645833333,11.4921875,65.5,0.5913899739583334,0.1796875,96.0,17.25,reward_corruption_training_sweep,clean,clean,psaim_lite,Simplified PSAIM,3,0.0,0.0032633424986399,0.0218711215775725,0.0454447478987276,0.0041197966784238,0.7265498915107913,,
4.218576388888889,14.010416666666666,40.25,0.5657552083333334,0.2395833333333333,96.0,23.0,reward_corruption_training_sweep,reward_corruption_training,low,heuristic_sjf_bestfit,SJF best-fit heuristic,3,0.0,,,,,,,
17.497916666666665,51.895833333333336,94.5,0.05078125,0.9479166666666666,96.0,91.0,reward_corruption_training_sweep,reward_corruption_training,low,deeprm_inspired_pg,PG proxy,3,361.314536799707,,,,,,,
3.8662109375,14.15625,73.5,0.5423177083333334,0.24609375,96.0,23.625,reward_corruption_training_sweep,reward_corruption_training,low,plain_dqn,DQN,3,9.96407673505667,,,,,,,
3.8916015625,14.513020833333332,74.5625,0.5161946614583334,0.2526041666666667,96.0,24.25,reward_corruption_training_sweep,reward_corruption_training,low,dqn_rnd,DQN+RND,3,17.983183325438183,0.0,,,,,,
3.125629340277777,11.66796875,66.1875,0.5889485677083334,0.1822916666666666,96.0,17.5,reward_corruption_training_sweep,reward_corruption_training,low,psaim_lite,Simplified PSAIM,3,1.985484156487875,0.0178305857470639,0.0255558958553125,0.0334462451282888,0.0,0.668459222595686,,
4.218576388888889,14.010416666666666,40.25,0.5657552083333334,0.2395833333333333,96.0,23.0,reward_corruption_training_sweep,reward_corruption_training,medium,heuristic_sjf_bestfit,SJF best-fit heuristic,3,0.0,,,,,,,
5.374479166666667,16.5625,35.25,0.5638020833333334,0.2916666666666667,96.0,28.0,reward_corruption_training_sweep,reward_corruption_training,medium,deeprm_inspired_pg,PG proxy,3,41.69260344196266,,,,,,,
5.775716145833333,18.365885416666664,76.28125,0.528076171875,0.30078125,96.0,28.875,reward_corruption_training_sweep,reward_corruption_training,medium,plain_dqn,DQN,3,64.27486852825717,,,,,,,
5.210872395833333,17.420572916666668,87.28125,0.517333984375,0.28515625,96.0,27.375,reward_corruption_training_sweep,reward_corruption_training,medium,dqn_rnd,DQN+RND,3,57.98002526448761,0.0,,,,,,
14.059678819444446,42.71875,84.3125,0.1053873697916666,0.8463541666666666,96.0,81.25,reward_corruption_training_sweep,reward_corruption_training,medium,psaim_lite,Simplified PSAIM,3,358.7502212781024,0.0039089605752299,0.0144618345732133,0.0856658453121781,0.0023985207080841,0.9478488861578528,,
4.218576388888889,14.010416666666666,40.25,0.5657552083333334,0.2395833333333333,96.0,23.0,reward_corruption_training_sweep,reward_corruption_training,high,heuristic_sjf_bestfit,SJF best-fit heuristic,3,0.0,,,,,,,
5.085416666666666,19.67708333333333,85.0,0.40625,0.34375,96.0,33.0,reward_corruption_training_sweep,reward_corruption_training,high,deeprm_inspired_pg,PG proxy,3,34.07176858293664,,,,,,,
17.553754340277777,52.12760416666667,94.125,0.0068359375,0.9934895833333331,96.0,95.375,reward_corruption_training_sweep,reward_corruption_training,high,plain_dqn,DQN,3,399.2698071747772,,,,,,,
17.62204861111111,52.32552083333333,94.34375,0.0037434895833333,0.9973958333333331,96.0,95.75,reward_corruption_training_sweep,reward_corruption_training,high,dqn_rnd,DQN+RND,3,434.2544344439181,0.0,,,,,,
14.425759548611111,42.6796875,87.1875,0.2875162760416666,0.6666666666666667,96.0,64.0,reward_corruption_training_sweep,reward_corruption_training,high,psaim_lite,Simplified PSAIM,3,370.69499026376354,-0.0183309728297333,0.0179079770902273,0.1060181502252817,0.0110433548688888,0.9446017802700448,,
4.218576388888889,14.010416666666666,40.25,0.5657552083333334,0.2395833333333333,96.0,23.0,reward_corruption_training_sweep,clean,clean,heuristic_sjf_bestfit,SJF best-fit heuristic,4,0.0,,,,,,,
10.787673611111112,32.28125,70.5,0.1953125,0.75,96.0,72.0,reward_corruption_training_sweep,clean,clean,deeprm_inspired_pg,PG proxy,4,0.0,,,,,,,
3.0802300347222227,11.6484375,66.625,0.5816243489583333,0.1888020833333333,96.0,18.125,reward_corruption_training_sweep,clean,clean,plain_dqn,DQN,4,0.0,,,,,,,
3.055230034722222,11.48046875,66.03125,0.5892740885416667,0.1783854166666666,96.0,17.125,reward_corruption_training_sweep,clean,clean,dqn_rnd,DQN+RND,4,0.0,0.0,,,,,,
3.010460069444444,11.352864583333332,66.03125,0.59228515625,0.1770833333333333,96.0,17.0,reward_corruption_training_sweep,clean,clean,psaim_lite,Simplified PSAIM,4,0.0,0.0089320491584501,0.0152752523165194,0.0397258996963501,0.0,0.5847398768523484,,
4.218576388888889,14.010416666666666,40.25,0.5657552083333334,0.2395833333333333,96.0,23.0,reward_corruption_training_sweep,reward_corruption_training,low,heuristic_sjf_bestfit,SJF best-fit heuristic,4,0.0,,,,,,,
4.351909722222223,14.041666666666666,81.0,0.5872395833333334,0.2083333333333333,96.0,20.0,reward_corruption_training_sweep,reward_corruption_training,low,deeprm_inspired_pg,PG proxy,4,-59.658496547950485,,,,,,,
6.704557291666666,19.057291666666664,81.0,0.5181477864583333,0.3372395833333333,96.0,32.375,reward_corruption_training_sweep,reward_corruption_training,low,plain_dqn,DQN,4,117.66417495085842,,,,,,,
7.356336805555556,24.84505208333333,85.0,0.2836100260416667,0.5703125,96.0,54.75,reward_corruption_training_sweep,reward_corruption_training,low,dqn_rnd,DQN+RND,4,140.77849202684948,0.0,,,,,,
3.722330729166667,13.888020833333332,73.875,0.5492350260416667,0.2213541666666666,96.0,21.25,reward_corruption_training_sweep,reward_corruption_training,low,psaim_lite,Simplified PSAIM,4,23.646573722985565,0.034432486407902,0.0403537254481654,0.0471773566678166,0.0001958366483449,0.8794693121139983,,
4.218576388888889,14.010416666666666,40.25,0.5657552083333334,0.2395833333333333,96.0,23.0,reward_corruption_training_sweep,reward_corruption_training,medium,heuristic_sjf_bestfit,SJF best-fit heuristic,4,0.0,,,,,,,
6.793923611111111,19.875,63.0,0.546875,0.34375,96.0,33.0,reward_corruption_training_sweep,reward_corruption_training,medium,deeprm_inspired_pg,PG proxy,4,-37.02142040973977,,,,,,,
12.746180555555556,38.2734375,84.78125,0.2748209635416666,0.6536458333333334,96.0,62.75,reward_corruption_training_sweep,reward_corruption_training,medium,plain_dqn,DQN,4,313.80612525275296,,,,,,,
12.6140625,36.610677083333336,88.0625,0.286376953125,0.7057291666666666,96.0,67.75,reward_corruption_training_sweep,reward_corruption_training,medium,dqn_rnd,DQN+RND,4,312.86784813723057,0.0,,,,,,
11.293012152777775,34.36328125,73.53125,0.2029622395833333,0.7239583333333334,96.0,69.5,reward_corruption_training_sweep,reward_corruption_training,medium,psaim_lite,Simplified PSAIM,4,275.12579115064665,0.0096110168103772,0.0180742980749392,0.0829230258241295,0.0015177745372056,0.941122177520447,,
4.218576388888889,14.010416666666666,40.25,0.5657552083333334,0.2395833333333333,96.0,23.0,reward_corruption_training_sweep,reward_corruption_training,high,heuristic_sjf_bestfit,SJF best-fit heuristic,4,0.0,,,,,,,
9.069965277777778,27.229166666666668,63.25,0.2578125,0.6666666666666666,96.0,64.0,reward_corruption_training_sweep,reward_corruption_training,high,deeprm_inspired_pg,PG proxy,4,-15.922880087548489,,,,,,,
17.504275173611113,51.98958333333333,93.90625,0.0091145833333333,0.9895833333333331,96.0,95.0,reward_corruption_training_sweep,reward_corruption_training,high,plain_dqn,DQN,4,468.2781797558071,,,,,,,
5.612196180555556,16.401041666666668,48.59375,0.6068522135416667,0.2825520833333333,96.0,27.125,reward_corruption_training_sweep,reward_corruption_training,high,dqn_rnd,DQN+RND,4,83.69144440103709,0.0,,,,,,
6.247504340277778,18.764322916666664,55.9375,0.5423990885416667,0.3463541666666666,96.0,33.25,reward_corruption_training_sweep,reward_corruption_training,high,psaim_lite,Simplified PSAIM,4,107.52656391920534,0.000570517661136,0.0271092723453281,0.0998227009549737,0.0041178055107593,0.891104919451998,,
4.218576388888889,14.010416666666666,40.25,0.5657552083333334,0.2395833333333333,96.0,23.0,reward_corruption_training_sweep,clean,clean,heuristic_sjf_bestfit,SJF best-fit heuristic,5,0.0,,,,,,,
7.448090277777777,24.59375,92.5,0.4173177083333333,0.3645833333333333,96.0,35.0,reward_corruption_training_sweep,clean,clean,deeprm_inspired_pg,PG proxy,5,0.0,,,,,,,
3.740972222222222,13.963541666666668,74.0,0.5524088541666667,0.23046875,96.0,22.125,reward_corruption_training_sweep,clean,clean,plain_dqn,DQN,5,0.0,,,,,,,
3.039301215277778,11.4375,66.03125,0.5896809895833334,0.18359375,96.0,17.625,reward_corruption_training_sweep,clean,clean,dqn_rnd,DQN+RND,5,0.0,0.0,,,,,,
3.626996527777778,13.649739583333334,73.25,0.549072265625,0.21875,96.0,21.0,reward_corruption_training_sweep,clean,clean,psaim_lite,Simplified PSAIM,5,0.0,0.0192961680707984,0.0312800426025818,0.040960919111967,0.0005520861595869,0.816825247113319,,
4.218576388888889,14.010416666666666,40.25,0.5657552083333334,0.2395833333333333,96.0,23.0,reward_corruption_training_sweep,reward_corruption_training,low,heuristic_sjf_bestfit,SJF best-fit heuristic,5,0.0,,,,,,,
5.708680555555556,16.927083333333332,36.5,0.5703125,0.3020833333333333,96.0,29.0,reward_corruption_training_sweep,reward_corruption_training,low,deeprm_inspired_pg,PG proxy,5,-23.35376797743642,,,,,,,
3.669900173611111,13.8359375,73.875,0.5435384114583334,0.2265625,96.0,21.75,reward_corruption_training_sweep,reward_corruption_training,low,plain_dqn,DQN,5,-1.89982829032857,,,,,,,
5.000173611111111,16.178385416666664,77.0,0.5668131510416667,0.2877604166666667,96.0,27.625,reward_corruption_training_sweep,reward_corruption_training,low,dqn_rnd,DQN+RND,5,64.51721158720751,0.0,,,,,,
3.7296440972222222,13.87109375,73.5,0.5506184895833334,0.22265625,96.0,21.375,reward_corruption_training_sweep,reward_corruption_training,low,psaim_lite,Simplified PSAIM,5,2.830098365363897,0.0281710033125632,0.0371587090807308,0.0423867674544453,0.0,0.7469655330576261,,
4.218576388888889,14.010416666666666,40.25,0.5657552083333334,0.2395833333333333,96.0,23.0,reward_corruption_training_sweep,reward_corruption_training,medium,heuristic_sjf_bestfit,SJF best-fit heuristic,5,0.0,,,,,,,
17.66111111111111,52.5,94.5,0.0,1.0,96.0,96.0,reward_corruption_training_sweep,reward_corruption_training,medium,deeprm_inspired_pg,PG proxy,5,137.12267779305847,,,,,,,
5.466254340277779,17.609375,59.96875,0.4912109375,0.33984375,96.0,32.625,reward_corruption_training_sweep,reward_corruption_training,medium,plain_dqn,DQN,5,46.11854928531653,,,,,,,
5.658072916666667,17.618489583333332,61.4375,0.52978515625,0.2734375,96.0,26.25,reward_corruption_training_sweep,reward_corruption_training,medium,dqn_rnd,DQN+RND,5,86.16361182712012,0.0,,,,,,
10.982660590277778,33.52734375,73.28125,0.1746419270833333,0.7552083333333333,96.0,72.5,reward_corruption_training_sweep,reward_corruption_training,medium,psaim_lite,Simplified PSAIM,5,202.80317353947777,0.0102234519648269,0.0107400372088137,0.0752398818731308,0.0,0.951900981910669,,
4.218576388888889,14.010416666666666,40.25,0.5657552083333334,0.2395833333333333,96.0,23.0,reward_corruption_training_sweep,reward_corruption_training,high,heuristic_sjf_bestfit,SJF best-fit heuristic,5,0.0,,,,,,,
4.55920138888889,15.5,82.5,0.548828125,0.2395833333333333,96.0,23.0,reward_corruption_training_sweep,reward_corruption_training,high,deeprm_inspired_pg,PG proxy,5,-38.78697466259526,,,,,,,
6.839822048611111,20.04296875,62.1875,0.5428059895833333,0.3619791666666667,96.0,34.75,reward_corruption_training_sweep,reward_corruption_training,high,plain_dqn,DQN,5,82.83541395953222,,,,,,,
17.5521484375,52.10286458333333,94.15625,0.0061848958333333,0.9934895833333334,96.0,95.375,reward_corruption_training_sweep,reward_corruption_training,high,dqn_rnd,DQN+RND,5,477.5060513670021,0.0,,,,,,
7.321744791666667,21.55989583333333,67.03125,0.5275065104166667,0.3893229166666667,96.0,37.375,reward_corruption_training_sweep,reward_corruption_training,high,psaim_lite,Simplified PSAIM,5,101.867984587033,-0.0289004267253872,0.0253782015301578,0.0994299026206135,0.0085901962593197,0.900225034362907,,
4.218576388888889,14.010416666666666,40.25,0.5657552083333334,0.2395833333333333,96.0,23.0,reward_corruption_training_sweep,clean,clean,heuristic_sjf_bestfit,SJF best-fit heuristic,6,0.0,,,,,,,
7.999826388888889,23.05208333333333,62.0,0.521484375,0.40625,96.0,39.0,reward_corruption_training_sweep,clean,clean,deeprm_inspired_pg,PG proxy,6,0.0,,,,,,,
3.2722005208333336,12.2421875,69.25,0.58056640625,0.1888020833333333,96.0,18.125,reward_corruption_training_sweep,clean,clean,plain_dqn,DQN,6,0.0,,,,,,,
3.3139105902777777,12.350260416666666,71.5,0.5808919270833333,0.1901041666666666,96.0,18.25,reward_corruption_training_sweep,clean,clean,dqn_rnd,DQN+RND,6,0.0,0.0,,,,,,
3.045073784722222,11.427083333333334,65.5,0.5919596354166667,0.1796875,96.0,17.25,reward_corruption_training_sweep,clean,clean,psaim_lite,Simplified PSAIM,6,0.0,0.0157426746295521,0.0209668503330826,0.039831175468862,0.0,0.7409854633952664,,
4.218576388888889,14.010416666666666,40.25,0.5657552083333334,0.2395833333333333,96.0,23.0,reward_corruption_training_sweep,reward_corruption_training,low,heuristic_sjf_bestfit,SJF best-fit heuristic,6,0.0,,,,,,,
4.0569444444444445,13.010416666666666,29.5,0.603515625,0.1979166666666666,96.0,19.0,reward_corruption_training_sweep,reward_corruption_training,low,deeprm_inspired_pg,PG proxy,6,-49.28709390394757,,,,,,,
3.6711588541666655,13.734375,73.5,0.548828125,0.2252604166666666,96.0,21.625,reward_corruption_training_sweep,reward_corruption_training,low,plain_dqn,DQN,6,12.19235590219055,,,,,,,
3.3166015625,12.079427083333332,65.5,0.5818684895833333,0.2161458333333333,96.0,20.75,reward_corruption_training_sweep,reward_corruption_training,low,dqn_rnd,DQN+RND,6,0.0812023181952106,0.0,,,,,,
3.0482421875,11.473958333333332,65.5,0.5885416666666667,0.1796875,96.0,17.25,reward_corruption_training_sweep,reward_corruption_training,low,psaim_lite,Simplified PSAIM,6,0.1040501150965486,0.0144923159235297,0.0194664645788685,0.0378026803955435,0.0,0.7411977331363429,,
4.218576388888889,14.010416666666666,40.25,0.5657552083333334,0.2395833333333333,96.0,23.0,reward_corruption_training_sweep,reward_corruption_training,medium,heuristic_sjf_bestfit,SJF best-fit heuristic,6,0.0,,,,,,,
16.30017361111111,48.3125,86.25,0.1354166666666666,0.8541666666666666,96.0,82.0,reward_corruption_training_sweep,reward_corruption_training,medium,deeprm_inspired_pg,PG proxy,6,103.75659193992924,,,,,,,
8.370985243055557,26.272135416666664,71.1875,0.3177083333333333,0.53515625,96.0,51.375,reward_corruption_training_sweep,reward_corruption_training,medium,plain_dqn,DQN,6,155.8212795872214,,,,,,,
5.827126736111111,18.470052083333336,60.40625,0.5081380208333334,0.3138020833333333,96.0,30.125,reward_corruption_training_sweep,reward_corruption_training,medium,dqn_rnd,DQN+RND,6,75.83838119249535,0.0,,,,,,
15.397287326388888,45.61197916666667,85.3125,0.0879720052083333,0.8958333333333334,96.0,86.0,reward_corruption_training_sweep,reward_corruption_training,medium,psaim_lite,Simplified PSAIM,6,405.6457877520186,0.0053246911343753,0.0143835232390528,0.077469378709793,0.0014208862558007,0.9392094807166758,,
4.218576388888889,14.010416666666666,40.25,0.5657552083333334,0.2395833333333333,96.0,23.0,reward_corruption_training_sweep,reward_corruption_training,high,heuristic_sjf_bestfit,SJF best-fit heuristic,6,0.0,,,,,,,
5.349479166666666,16.479166666666668,46.75,0.56640625,0.28125,96.0,27.0,reward_corruption_training_sweep,reward_corruption_training,high,deeprm_inspired_pg,PG proxy,6,-33.130059246077394,,,,,,,
5.483897569444444,16.955729166666668,50.3125,0.572021484375,0.3125,96.0,30.0,reward_corruption_training_sweep,reward_corruption_training,high,plain_dqn,DQN,6,67.59051086660962,,,,,,,
17.624739583333334,52.375,94.25,0.0047200520833333,0.9947916666666669,96.0,95.5,reward_corruption_training_sweep,reward_corruption_training,high,dqn_rnd,DQN+RND,6,431.8411315935955,0.0,,,,,,
6.348611111111111,18.859375,57.5,0.5546875,0.3294270833333333,96.0,31.625,reward_corruption_training_sweep,reward_corruption_training,high,psaim_lite,Simplified PSAIM,6,108.4879237726006,-0.0046169788910864,0.0213735411707078,0.1029297225177288,0.00592977181077,0.9206389337769691,,
4.218576388888889,14.010416666666666,40.25,0.5657552083333334,0.2395833333333333,96.0,23.0,reward_corruption_training_sweep,clean,clean,heuristic_sjf_bestfit,SJF best-fit heuristic,7,0.0,,,,,,,
3.6319444444444446,13.71875,73.5,0.546875,0.21875,96.0,21.0,reward_corruption_training_sweep,clean,clean,deeprm_inspired_pg,PG proxy,7,0.0,,,,,,,
3.612261284722222,13.6328125,73.5,0.5508626302083334,0.21875,96.0,21.0,reward_corruption_training_sweep,clean,clean,plain_dqn,DQN,7,0.0,,,,,,,
3.0795138888888887,11.540364583333332,66.3125,0.59033203125,0.1822916666666666,96.0,17.5,reward_corruption_training_sweep,clean,clean,dqn_rnd,DQN+RND,7,0.0,0.0,,,,,,
3.618142361111112,13.548177083333332,73.5,0.561279296875,0.2135416666666666,96.0,20.5,reward_corruption_training_sweep,clean,clean,psaim_lite,Simplified PSAIM,7,0.0,0.0107474032753988,0.0200581568738002,0.0414363150484859,0.0008660773746669,0.6207220896290304,,
4.218576388888889,14.010416666666666,40.25,0.5657552083333334,0.2395833333333333,96.0,23.0,reward_corruption_training_sweep,reward_corruption_training,low,heuristic_sjf_bestfit,SJF best-fit heuristic,7,0.0,,,,,,,
5.327777777777778,20.416666666666668,85.0,0.3828125,0.375,96.0,36.0,reward_corruption_training_sweep,reward_corruption_training,low,deeprm_inspired_pg,PG proxy,7,46.69216061185469,,,,,,,
14.048958333333337,39.39322916666667,93.25,0.2444661458333333,0.7330729166666667,96.0,70.375,reward_corruption_training_sweep,reward_corruption_training,low,plain_dqn,DQN,7,288.9242008254583,,,,,,,
3.4584635416666663,12.630208333333334,70.8125,0.5740559895833333,0.1953125,96.0,18.75,reward_corruption_training_sweep,reward_corruption_training,low,dqn_rnd,DQN+RND,7,12.3055023114218,0.0,,,,,,
3.6015407986111114,13.649739583333332,79.0,0.561279296875,0.203125,96.0,19.5,reward_corruption_training_sweep,reward_corruption_training,low,psaim_lite,Simplified PSAIM,7,-0.4588421582975456,0.0176893465574318,0.0229879161197454,0.0523507632315158,0.0,0.7527353592280603,,
4.218576388888889,14.010416666666666,40.25,0.5657552083333334,0.2395833333333333,96.0,23.0,reward_corruption_training_sweep,reward_corruption_training,medium,heuristic_sjf_bestfit,SJF best-fit heuristic,7,0.0,,,,,,,
3.5835069444444443,13.020833333333334,73.5,0.5774739583333334,0.1979166666666666,96.0,19.0,reward_corruption_training_sweep,reward_corruption_training,medium,deeprm_inspired_pg,PG proxy,7,-1.3336520076481932,,,,,,,
4.659852430555556,16.4921875,68.96875,0.482421875,0.28125,96.0,27.0,reward_corruption_training_sweep,reward_corruption_training,medium,plain_dqn,DQN,7,29.00097925540546,,,,,,,
7.5990234375,23.618489583333336,77.4375,0.43359375,0.46875,96.0,45.0,reward_corruption_training_sweep,reward_corruption_training,medium,dqn_rnd,DQN+RND,7,146.76048596234077,0.0,,,,,,
11.46351996527778,32.65885416666667,76.46875,0.3575032552083333,0.62109375,96.0,59.625,reward_corruption_training_sweep,reward_corruption_training,medium,psaim_lite,Simplified PSAIM,7,216.83440896331663,0.0283265299972239,0.0447963856648501,0.0807996848598122,0.0023135039955377,0.917476599549612,,
4.218576388888889,14.010416666666666,40.25,0.5657552083333334,0.2395833333333333,96.0,23.0,reward_corruption_training_sweep,reward_corruption_training,high,heuristic_sjf_bestfit,SJF best-fit heuristic,7,0.0,,,,,,,
6.036805555555556,18.9375,59.5,0.5325520833333334,0.3229166666666667,96.0,31.0,reward_corruption_training_sweep,reward_corruption_training,high,deeprm_inspired_pg,PG proxy,7,66.21414913957933,,,,,,,
16.69724392361111,49.481770833333336,92.0,0.033447265625,0.96484375,96.0,92.625,reward_corruption_training_sweep,reward_corruption_training,high,plain_dqn,DQN,7,362.2379891020289,,,,,,,
17.588671875000003,52.2265625,94.28125,0.0042317708333333,0.99609375,96.0,95.625,reward_corruption_training_sweep,reward_corruption_training,high,dqn_rnd,DQN+RND,7,471.15091893110855,0.0,,,,,,
17.544661458333334,52.06119791666667,94.125,0.0076497395833333,0.9921875,96.0,95.25,reward_corruption_training_sweep,reward_corruption_training,high,psaim_lite,Simplified PSAIM,7,384.9079916508721,0.0064835091838974,0.0067862089253829,0.0861804857850074,0.0,0.9553948685026024,,
4.218576388888889,14.010416666666666,40.25,0.5657552083333334,0.2395833333333333,96.0,23.0,reward_corruption_training_sweep,clean,clean,heuristic_sjf_bestfit,SJF best-fit heuristic,8,0.0,,,,,,,
6.885763888888889,19.17708333333333,81.0,0.5598958333333334,0.34375,96.0,33.0,reward_corruption_training_sweep,clean,clean,deeprm_inspired_pg,PG proxy,8,0.0,,,,,,,
3.346180555555556,12.46875,71.5,0.579833984375,0.19140625,96.0,18.375,reward_corruption_training_sweep,clean,clean,plain_dqn,DQN,8,0.0,,,,,,,
3.64609375,13.744791666666668,73.5,0.54736328125,0.2213541666666666,96.0,21.25,reward_corruption_training_sweep,clean,clean,dqn_rnd,DQN+RND,8,0.0,0.0,,,,,,
3.610373263888889,13.51171875,73.21875,0.5572916666666667,0.21875,96.0,21.0,reward_corruption_training_sweep,clean,clean,psaim_lite,Simplified PSAIM,8,0.0,0.0272302310078468,0.0337746962457414,0.0423900871537625,0.0,0.7863511883370619,,
4.218576388888889,14.010416666666666,40.25,0.5657552083333334,0.2395833333333333,96.0,23.0,reward_corruption_training_sweep,reward_corruption_training,low,heuristic_sjf_bestfit,SJF best-fit heuristic,8,0.0,,,,,,,
3.010763888888889,11.34375,65.5,0.5930989583333334,0.1770833333333333,96.0,17.0,reward_corruption_training_sweep,reward_corruption_training,low,deeprm_inspired_pg,PG proxy,8,-56.27552821340326,,,,,,,
3.101584201388889,11.752604166666666,68.0,0.586669921875,0.1809895833333333,96.0,17.375,reward_corruption_training_sweep,reward_corruption_training,low,plain_dqn,DQN,8,-7.309717754487925,,,,,,,
6.867599826388888,19.15755208333333,81.0,0.5594075520833334,0.3424479166666666,96.0,32.875,reward_corruption_training_sweep,reward_corruption_training,low,dqn_rnd,DQN+RND,8,88.35499845249146,0.0,,,,,,
3.0378689236111107,11.430989583333334,65.5,0.5896809895833333,0.1796875,96.0,17.25,reward_corruption_training_sweep,reward_corruption_training,low,psaim_lite,Simplified PSAIM,8,-15.857206400346229,0.0130513013302626,0.0296666312199158,0.0447593568824231,0.0020410972647368,0.4473708452825716,,
4.218576388888889,14.010416666666666,40.25,0.5657552083333334,0.2395833333333333,96.0,23.0,reward_corruption_training_sweep,reward_corruption_training,medium,heuristic_sjf_bestfit,SJF best-fit heuristic,8,0.0,,,,,,,
3.6319444444444446,13.71875,73.5,0.546875,0.21875,96.0,21.0,reward_corruption_training_sweep,reward_corruption_training,medium,deeprm_inspired_pg,PG proxy,8,-47.25429882507185,,,,,,,
12.5515625,38.73307291666667,76.3125,0.16455078125,0.7578125,96.0,72.75,reward_corruption_training_sweep,reward_corruption_training,medium,plain_dqn,DQN,8,275.1011725640759,,,,,,,
9.180837673611112,28.455729166666664,81.09375,0.3720703125,0.4908854166666667,96.0,47.125,reward_corruption_training_sweep,reward_corruption_training,medium,dqn_rnd,DQN+RND,8,151.7992762421732,0.0,,,,,,
6.145182291666667,21.37890625,75.15625,0.315185546875,0.4557291666666666,96.0,43.75,reward_corruption_training_sweep,reward_corruption_training,medium,psaim_lite,Simplified PSAIM,8,70.20905713907892,-0.0405209531888398,0.0364080164778928,0.0932177221402525,0.0113253435119986,0.9102239489580292,,
4.218576388888889,14.010416666666666,40.25,0.5657552083333334,0.2395833333333333,96.0,23.0,reward_corruption_training_sweep,reward_corruption_training,high,heuristic_sjf_bestfit,SJF best-fit heuristic,8,0.0,,,,,,,
5.085416666666666,19.67708333333333,85.0,0.40625,0.34375,96.0,33.0,reward_corruption_training_sweep,reward_corruption_training,high,deeprm_inspired_pg,PG proxy,8,-26.145933134990678,,,,,,,
17.55913628472222,52.22135416666667,94.03125,0.0064290364583333,0.9921875,96.0,95.25,reward_corruption_training_sweep,reward_corruption_training,high,plain_dqn,DQN,8,424.7516083843519,,,,,,,
16.768077256944444,49.73697916666666,89.90625,0.0702311197916666,0.9192708333333334,96.0,88.25,reward_corruption_training_sweep,reward_corruption_training,high,dqn_rnd,DQN+RND,8,359.8915553650929,0.0,,,,,,
17.525759548611113,52.03255208333333,93.9375,0.0074869791666666,0.9908854166666669,96.0,95.125,reward_corruption_training_sweep,reward_corruption_training,high,psaim_lite,Simplified PSAIM,8,385.4279119531636,0.0061972232301606,0.0064848181517058,0.0878603383898735,0.0,0.9556510429718806,,
4.218576388888889,14.010416666666666,40.25,0.5657552083333334,0.2395833333333333,96.0,23.0,reward_corruption_training_sweep,clean,clean,heuristic_sjf_bestfit,SJF best-fit heuristic,9,0.0,,,,,,,
4.9421875,18.90625,82.5,0.4134114583333333,0.3645833333333333,96.0,35.0,reward_corruption_training_sweep,clean,clean,deeprm_inspired_pg,PG proxy,9,0.0,,,,,,,
3.133832465277777,11.77734375,68.5,0.5865071614583333,0.1796875,96.0,17.25,reward_corruption_training_sweep,clean,clean,plain_dqn,DQN,9,0.0,,,,,,,
3.3088975694444445,12.360677083333332,71.28125,0.580810546875,0.1888020833333333,96.0,18.125,reward_corruption_training_sweep,clean,clean,dqn_rnd,DQN+RND,9,0.0,0.0,,,,,,
3.057964409722222,11.475260416666668,65.5625,0.5904947916666667,0.1809895833333333,96.0,17.375,reward_corruption_training_sweep,clean,clean,psaim_lite,Simplified PSAIM,9,0.0,0.0131826789135534,0.0194499752785589,0.0361557519063353,0.0,0.6744361615137517,,
4.218576388888889,14.010416666666666,40.25,0.5657552083333334,0.2395833333333333,96.0,23.0,reward_corruption_training_sweep,reward_corruption_training,low,heuristic_sjf_bestfit,SJF best-fit heuristic,9,0.0,,,,,,,
17.578819444444445,52.208333333333336,94.5,0.0546875,0.96875,96.0,93.0,reward_corruption_training_sweep,reward_corruption_training,low,deeprm_inspired_pg,PG proxy,9,255.68904345382373,,,,,,,
6.787478298611111,18.984375,81.0,0.5604654947916666,0.3372395833333333,96.0,32.375,reward_corruption_training_sweep,reward_corruption_training,low,plain_dqn,DQN,9,116.58714605247673,,,,,,,
5.157486979166667,16.837239583333336,81.4375,0.54736328125,0.2604166666666666,96.0,25.0,reward_corruption_training_sweep,reward_corruption_training,low,dqn_rnd,DQN+RND,9,55.86722982278948,0.0,,,,,,
3.7430555555555554,12.5625,71.3125,0.59912109375,0.1979166666666666,96.0,19.0,reward_corruption_training_sweep,reward_corruption_training,low,psaim_lite,Simplified PSAIM,9,22.40350292028301,0.0208422067744734,0.0240984351719815,0.0460184351541101,0.0,0.8832257903394158,,
4.218576388888889,14.010416666666666,40.25,0.5657552083333334,0.2395833333333333,96.0,23.0,reward_corruption_training_sweep,reward_corruption_training,medium,heuristic_sjf_bestfit,SJF best-fit heuristic,9,0.0,,,,,,,
5.639930555555555,16.729166666666668,44.5,0.5677083333333334,0.3020833333333333,96.0,29.0,reward_corruption_training_sweep,reward_corruption_training,medium,deeprm_inspired_pg,PG proxy,9,14.118101661573036,,,,,,,
9.896571180555554,32.09895833333333,87.75,0.2306315104166666,0.640625,96.0,61.5,reward_corruption_training_sweep,reward_corruption_training,medium,plain_dqn,DQN,9,215.797710637296,,,,,,,
6.085394965277779,20.182291666666664,77.375,0.4457194010416666,0.3411458333333333,96.0,32.75,reward_corruption_training_sweep,reward_corruption_training,medium,dqn_rnd,DQN+RND,9,83.91004367957818,0.0,,,,,,
11.61857638888889,37.55989583333333,93.90625,0.099609375,0.6640625,96.0,63.75,reward_corruption_training_sweep,reward_corruption_training,medium,psaim_lite,Simplified PSAIM,9,279.94478784480987,0.037360633520477,0.0403155513173293,0.0485513629391789,0.0,0.9298395403120314,,
4.218576388888889,14.010416666666666,40.25,0.5657552083333334,0.2395833333333333,96.0,23.0,reward_corruption_training_sweep,reward_corruption_training,high,heuristic_sjf_bestfit,SJF best-fit heuristic,9,0.0,,,,,,,
5.085416666666666,19.67708333333333,85.0,0.40625,0.34375,96.0,33.0,reward_corruption_training_sweep,reward_corruption_training,high,deeprm_inspired_pg,PG proxy,9,2.8980925281905243,,,,,,,
5.610460069444445,17.059895833333336,46.78125,0.5767415364583333,0.3190104166666667,96.0,30.625,reward_corruption_training_sweep,reward_corruption_training,high,plain_dqn,DQN,9,79.02871744444525,,,,,,,
17.583723958333334,52.25651041666666,94.21875,0.00439453125,0.9947916666666669,96.0,95.5,reward_corruption_training_sweep,reward_corruption_training,high,dqn_rnd,DQN+RND,9,431.4073219040623,0.0,,,,,,
17.579188368055554,52.18359375,94.21875,0.0065104166666666,0.9947916666666669,96.0,95.5,reward_corruption_training_sweep,reward_corruption_training,high,psaim_lite,Simplified PSAIM,9,474.8656953679982,0.0065769856963851,0.0073720978077448,0.0896968990564346,0.0001709312200546,0.9548928361797756,,
4.218576388888889,14.010416666666666,40.25,0.5657552083333334,0.2395833333333333,96.0,23.0,reward_corruption_online_adaptation,clean,clean,heuristic_sjf_bestfit,SJF best-fit heuristic,0,0.0,,,,,,,
4.218576388888889,14.010416666666666,40.25,0.5657552083333334,0.2395833333333333,96.0,23.0,reward_corruption_online_adaptation,reward_corruption_online,high,heuristic_sjf_bestfit,SJF best-fit heuristic,0,0.0,,,,,,,
11.080208333333331,34.15625,94.5,0.3736979166666667,0.4791666666666667,96.0,46.0,reward_corruption_online_adaptation,clean,clean,deeprm_inspired_pg,PG proxy,0,0.0,,,,,,,
14.225347222222222,42.90364583333333,94.5,0.2493489583333333,0.65625,96.0,63.0,reward_corruption_online_adaptation,reward_corruption_online,high,deeprm_inspired_pg,PG proxy,0,28.38519632728529,,,,,,1.2475349381566048,
3.367317708333333,12.54296875,71.34375,0.5791015625,0.1927083333333333,96.0,18.5,reward_corruption_online_adaptation,clean,clean,plain_dqn,DQN,0,0.0,,,,,,,
3.6576388888888887,13.381510416666668,71.0625,0.560791015625,0.21484375,96.0,20.625,reward_corruption_online_adaptation,reward_corruption_online,high,plain_dqn,DQN,0,8.621734142789009,,,,,,,
3.727517361111112,13.803385416666668,73.5,0.550048828125,0.2291666666666666,96.0,22.0,reward_corruption_online_adaptation,clean,clean,dqn_rnd,DQN+RND,0,0.0,0.0,,,,,,
3.8407118055555554,13.98828125,74.5625,0.5498046875,0.2239583333333333,96.0,21.5,reward_corruption_online_adaptation,reward_corruption_online,high,dqn_rnd,DQN+RND,0,3.036724808458103,0.0,,,,,,
3.735221354166667,13.787760416666666,74.75,0.5542805989583334,0.2213541666666666,96.0,21.25,reward_corruption_online_adaptation,clean,clean,psaim_lite,Simplified PSAIM,0,0.0,0.0256756460374739,0.0325906753770246,0.041313876863569,0.0,0.7766786183898996,,
3.767339409722222,13.635416666666666,69.96875,0.5555013020833334,0.2174479166666666,96.0,20.875,reward_corruption_online_adaptation,reward_corruption_online,high,psaim_lite,Simplified PSAIM,0,0.8598702060783474,-0.027044804736337,0.029263367285697,0.0780518110841512,0.0113966432400047,0.9225047111768104,,
4.218576388888889,14.010416666666666,40.25,0.5657552083333334,0.2395833333333333,96.0,23.0,reward_corruption_online_adaptation,clean,clean,heuristic_sjf_bestfit,SJF best-fit heuristic,1,0.0,,,,,,,
4.218576388888889,14.010416666666666,40.25,0.5657552083333334,0.2395833333333333,96.0,23.0,reward_corruption_online_adaptation,reward_corruption_online,high,heuristic_sjf_bestfit,SJF best-fit heuristic,1,0.0,,,,,,,
5.537152777777778,16.46875,81.0,0.578125,0.2604166666666667,96.0,25.0,reward_corruption_online_adaptation,clean,clean,deeprm_inspired_pg,PG proxy,1,0.0,,,,,,,
5.805772569444445,16.977864583333336,81.0,0.5817057291666666,0.2669270833333333,96.0,25.625,reward_corruption_online_adaptation,reward_corruption_online,high,deeprm_inspired_pg,PG proxy,1,4.8512259359127095,,,,,,1.2889691144227982,
3.703776041666667,13.748697916666668,73.3125,0.5535481770833334,0.2161458333333333,96.0,20.75,reward_corruption_online_adaptation,clean,clean,plain_dqn,DQN,1,0.0,,,,,,,
3.6380425347222234,13.329427083333334,70.78125,0.5594889322916667,0.2174479166666666,96.0,20.875,reward_corruption_online_adaptation,reward_corruption_online,high,plain_dqn,DQN,1,-1.774770024022969,,,,,,,
3.621571180555556,13.5859375,72.96875,0.55078125,0.2174479166666666,96.0,20.875,reward_corruption_online_adaptation,clean,clean,dqn_rnd,DQN+RND,1,0.0,0.0,,,,,,
3.5697699652777777,13.19921875,71.5,0.5657552083333334,0.2109375,96.0,20.25,reward_corruption_online_adaptation,reward_corruption_online,high,dqn_rnd,DQN+RND,1,-1.4303519852350832,0.0,,,,,,
3.0837673611111107,11.490885416666668,65.125,0.5923665364583334,0.1822916666666666,96.0,17.5,reward_corruption_online_adaptation,clean,clean,psaim_lite,Simplified PSAIM,1,0.0,0.0042809089883581,0.0169799224580613,0.0421188566833734,0.003146219998598,0.8370998792014711,,
3.642730034722222,13.2578125,72.625,0.57177734375,0.2135416666666666,96.0,20.5,reward_corruption_online_adaptation,reward_corruption_online,high,psaim_lite,Simplified PSAIM,1,18.125967628430683,-0.0013480714366651,0.0251019520543684,0.0537004659418016,0.0055332067422568,0.8447870672254612,,
4.218576388888889,14.010416666666666,40.25,0.5657552083333334,0.2395833333333333,96.0,23.0,reward_corruption_online_adaptation,clean,clean,heuristic_sjf_bestfit,SJF best-fit heuristic,2,0.0,,,,,,,
4.218576388888889,14.010416666666666,40.25,0.5657552083333334,0.2395833333333333,96.0,23.0,reward_corruption_online_adaptation,reward_corruption_online,high,heuristic_sjf_bestfit,SJF best-fit heuristic,2,0.0,,,,,,,
15.271354166666669,46.01041666666666,94.5,0.2233072916666666,0.71875,96.0,69.0,reward_corruption_online_adaptation,clean,clean,deeprm_inspired_pg,PG proxy,2,0.0,,,,,,,
16.73667534722222,49.848958333333336,94.5,0.123046875,0.84765625,96.0,81.375,reward_corruption_online_adaptation,reward_corruption_online,high,deeprm_inspired_pg,PG proxy,2,9.595227538851551,,,,,,1.1284683868288994,
3.0504774305555555,11.455729166666668,65.5,0.5912272135416667,0.1783854166666666,96.0,17.125,reward_corruption_online_adaptation,clean,clean,plain_dqn,DQN,2,0.0,,,,,,,
3.7028645833333336,13.404947916666666,71.0,0.5681966145833334,0.2122395833333333,96.0,20.375,reward_corruption_online_adaptation,reward_corruption_online,high,plain_dqn,DQN,2,21.386395003059068,,,,,,,
3.0514973958333336,11.48046875,65.5,0.58935546875,0.1796875,96.0,17.25,reward_corruption_online_adaptation,clean,clean,dqn_rnd,DQN+RND,2,0.0,0.0,,,,,,
3.592664930555556,13.08203125,70.6875,0.5704752604166666,0.2044270833333333,96.0,19.625,reward_corruption_online_adaptation,reward_corruption_online,high,dqn_rnd,DQN+RND,2,17.73449112102009,0.0,,,,,,
3.11015625,11.622395833333332,65.6875,0.5885416666666667,0.1822916666666666,96.0,17.5,reward_corruption_online_adaptation,clean,clean,psaim_lite,Simplified PSAIM,2,0.0,0.0066946213482312,0.0195953053297612,0.044118033722043,0.0024199858307838,0.7508731243386776,,
3.5392144097222222,13.005208333333332,70.28125,0.571044921875,0.2096354166666666,96.0,20.125,reward_corruption_online_adaptation,reward_corruption_online,high,psaim_lite,Simplified PSAIM,2,13.795389209857946,-0.03957694956088,0.0333378673847641,0.0694753336720168,0.0082929269410669,0.8446640616668468,,
4.218576388888889,14.010416666666666,40.25,0.5657552083333334,0.2395833333333333,96.0,23.0,reward_corruption_online_adaptation,clean,clean,heuristic_sjf_bestfit,SJF best-fit heuristic,3,0.0,,,,,,,
4.218576388888889,14.010416666666666,40.25,0.5657552083333334,0.2395833333333333,96.0,23.0,reward_corruption_online_adaptation,reward_corruption_online,high,heuristic_sjf_bestfit,SJF best-fit heuristic,3,0.0,,,,,,,
3.8307291666666665,14.572916666666666,73.5,0.513671875,0.2395833333333333,96.0,23.0,reward_corruption_online_adaptation,clean,clean,deeprm_inspired_pg,PG proxy,3,0.0,,,,,,,
3.8639322916666665,14.70703125,73.5,0.4913736979166666,0.25390625,96.0,24.375,reward_corruption_online_adaptation,reward_corruption_online,high,deeprm_inspired_pg,PG proxy,3,0.8667573079537729,,,,,,1.112619675695896,
6.770746527777778,19.046875,80.75,0.5574544270833334,0.3372395833333333,96.0,32.375,reward_corruption_online_adaptation,clean,clean,plain_dqn,DQN,3,0.0,,,,,,,
3.351584201388889,12.25,66.375,0.580078125,0.19140625,96.0,18.375,reward_corruption_online_adaptation,reward_corruption_online,high,plain_dqn,DQN,3,-50.499044859549485,,,,,,,
3.6254557291666663,13.64453125,73.5,0.5513509114583333,0.2174479166666666,96.0,20.875,reward_corruption_online_adaptation,clean,clean,dqn_rnd,DQN+RND,3,0.0,0.0,,,,,,
3.4645399305555555,12.838541666666666,70.09375,0.5712076822916667,0.203125,96.0,19.5,reward_corruption_online_adaptation,reward_corruption_online,high,dqn_rnd,DQN+RND,3,-4.43849851251938,0.0,,,,,,
3.634201388888889,13.661458333333332,73.625,0.5506184895833334,0.2161458333333333,96.0,20.75,reward_corruption_online_adaptation,clean,clean,psaim_lite,Simplified PSAIM,3,0.0,0.0141891012145358,0.0176788663281962,0.03811976313591,0.0,0.8039807048468957,,
3.485763888888889,13.006510416666668,71.4375,0.5629069010416666,0.20703125,96.0,19.875,reward_corruption_online_adaptation,reward_corruption_online,high,psaim_lite,Simplified PSAIM,3,-4.084459943629676,-0.0271707617256966,0.0209615636051265,0.0545961444731801,0.0104032391682267,0.8125349124246074,,
4.218576388888889,14.010416666666666,40.25,0.5657552083333334,0.2395833333333333,96.0,23.0,reward_corruption_online_adaptation,clean,clean,heuristic_sjf_bestfit,SJF best-fit heuristic,4,0.0,,,,,,,
4.218576388888889,14.010416666666666,40.25,0.5657552083333334,0.2395833333333333,96.0,23.0,reward_corruption_online_adaptation,reward_corruption_online,high,heuristic_sjf_bestfit,SJF best-fit heuristic,4,0.0,,,,,,,
4.610416666666667,14.760416666666666,44.25,0.5638020833333334,0.28125,96.0,27.0,reward_corruption_online_adaptation,clean,clean,deeprm_inspired_pg,PG proxy,4,0.0,,,,,,,
4.644596354166667,14.782552083333332,44.96875,0.5651041666666667,0.27734375,96.0,26.625,reward_corruption_online_adaptation,reward_corruption_online,high,deeprm_inspired_pg,PG proxy,4,0.7413578852236783,,,,,,1.1639257669448853,
3.4172960069444445,12.709635416666666,73.6875,0.5771484375,0.1940104166666666,96.0,18.625,reward_corruption_online_adaptation,clean,clean,plain_dqn,DQN,4,0.0,,,,,,,
3.649131944444444,12.947916666666666,70.40625,0.5807291666666666,0.203125,96.0,19.5,reward_corruption_online_adaptation,reward_corruption_online,high,plain_dqn,DQN,4,6.784192444227108,,,,,,,
3.559657118055556,13.282552083333334,72.4375,0.5611979166666667,0.203125,96.0,19.5,reward_corruption_online_adaptation,clean,clean,dqn_rnd,DQN+RND,4,0.0,0.0,,,,,,
3.453450520833333,12.524739583333332,67.0625,0.5797526041666667,0.1953125,96.0,18.75,reward_corruption_online_adaptation,reward_corruption_online,high,dqn_rnd,DQN+RND,4,-2.983618750342925,0.0,,,,,,
3.646896701388889,13.682291666666668,73.8125,0.551025390625,0.2200520833333333,96.0,21.125,reward_corruption_online_adaptation,clean,clean,psaim_lite,Simplified PSAIM,4,0.0,0.0302793863672167,0.0378213538231741,0.037143921945244,0.0,0.7635608017777789,,
3.4745442708333334,12.674479166666668,69.3125,0.5752766927083334,0.2005208333333333,96.0,19.25,reward_corruption_online_adaptation,reward_corruption_online,high,psaim_lite,Simplified PSAIM,4,-4.726002534974922,-0.0116713601342485,0.0199753102916668,0.059838084038347,0.0079114330001175,0.870121502929693,,
4.218576388888889,14.010416666666666,40.25,0.5657552083333334,0.2395833333333333,96.0,23.0,reward_corruption_online_adaptation,clean,clean,heuristic_sjf_bestfit,SJF best-fit heuristic,5,0.0,,,,,,,
4.218576388888889,14.010416666666666,40.25,0.5657552083333334,0.2395833333333333,96.0,23.0,reward_corruption_online_adaptation,reward_corruption_online,high,heuristic_sjf_bestfit,SJF best-fit heuristic,5,0.0,,,,,,,
5.400347222222222,16.354166666666668,40.25,0.5677083333333334,0.28125,96.0,27.0,reward_corruption_online_adaptation,clean,clean,deeprm_inspired_pg,PG proxy,5,0.0,,,,,,,
5.38671875,16.341145833333336,40.5625,0.56640625,0.28125,96.0,27.0,reward_corruption_online_adaptation,reward_corruption_online,high,deeprm_inspired_pg,PG proxy,5,-0.2523628881887691,,,,,,0.7028371021151543,
3.080772569444444,11.493489583333334,65.0625,0.5921223958333334,0.1796875,96.0,17.25,reward_corruption_online_adaptation,clean,clean,plain_dqn,DQN,5,0.0,,,,,,,
3.712738715277777,13.692708333333332,72.375,0.5537109375,0.22265625,96.0,21.375,reward_corruption_online_adaptation,reward_corruption_online,high,plain_dqn,DQN,5,20.513235936377335,,,,,,,
3.5933593749999995,13.498697916666666,73.4375,0.559326171875,0.2122395833333333,96.0,20.375,reward_corruption_online_adaptation,clean,clean,dqn_rnd,DQN+RND,5,0.0,0.0,,,,,,
3.950651041666666,13.70703125,72.09375,0.56591796875,0.21484375,96.0,20.625,reward_corruption_online_adaptation,reward_corruption_online,high,dqn_rnd,DQN+RND,5,9.943109758307068,0.0,,,,,,
3.0627604166666664,11.44921875,65.5,0.5934244791666667,0.1809895833333333,96.0,17.375,reward_corruption_online_adaptation,clean,clean,psaim_lite,Simplified PSAIM,5,0.0,0.0131082068431656,0.0159020314889181,0.0392618281766772,0.0,0.8196018469676389,,
3.534092881944444,12.794270833333332,68.28125,0.5768229166666667,0.203125,96.0,19.5,reward_corruption_online_adaptation,reward_corruption_online,high,psaim_lite,Simplified PSAIM,5,15.389139245529,0.0057753730423215,0.0198835290430796,0.0607017956208437,0.0039005000144243,0.9329378948564342,,
4.218576388888889,14.010416666666666,40.25,0.5657552083333334,0.2395833333333333,96.0,23.0,reward_corruption_online_adaptation,clean,clean,heuristic_sjf_bestfit,SJF best-fit heuristic,6,0.0,,,,,,,
4.218576388888889,14.010416666666666,40.25,0.5657552083333334,0.2395833333333333,96.0,23.0,reward_corruption_online_adaptation,reward_corruption_online,high,heuristic_sjf_bestfit,SJF best-fit heuristic,6,0.0,,,,,,,
3.911979166666667,12.90625,39.75,0.5859375,0.21875,96.0,21.0,reward_corruption_online_adaptation,clean,clean,deeprm_inspired_pg,PG proxy,6,0.0,,,,,,,
4.382855902777777,13.9609375,38.46875,0.5860188802083333,0.2604166666666666,96.0,25.0,reward_corruption_online_adaptation,reward_corruption_online,high,deeprm_inspired_pg,PG proxy,6,12.036790485066328,,,,,,1.0554552152752876,
3.6461588541666665,13.725260416666666,74.375,0.550537109375,0.2174479166666666,96.0,20.875,reward_corruption_online_adaptation,clean,clean,plain_dqn,DQN,6,0.0,,,,,,,
3.522287326388889,13.016927083333334,71.1875,0.5652669270833334,0.2083333333333333,96.0,20.0,reward_corruption_online_adaptation,reward_corruption_online,high,plain_dqn,DQN,6,-3.397315715858691,,,,,,,
3.6417317708333337,13.735677083333332,73.5,0.5472819010416667,0.22265625,96.0,21.375,reward_corruption_online_adaptation,clean,clean,dqn_rnd,DQN+RND,6,0.0,0.0,,,,,,
3.934071180555556,14.044270833333332,72.53125,0.5531412760416666,0.22265625,96.0,21.375,reward_corruption_online_adaptation,reward_corruption_online,high,dqn_rnd,DQN+RND,6,8.027483299664498,0.0,,,,,,
3.652278645833333,13.770833333333332,74.0,0.5492350260416667,0.2213541666666666,96.0,21.25,reward_corruption_online_adaptation,clean,clean,psaim_lite,Simplified PSAIM,6,0.0,0.0341259340860541,0.041924894954406,0.035984608810395,0.0,0.7960403472428073,,
3.3861328125,12.575520833333332,69.15625,0.5689290364583333,0.2005208333333333,96.0,19.25,reward_corruption_online_adaptation,reward_corruption_online,high,psaim_lite,Simplified PSAIM,6,-7.287117417422782,0.0172164569044974,0.0379565835188895,0.0580620868131518,0.0050094197504222,0.8798713810016119,,
4.218576388888889,14.010416666666666,40.25,0.5657552083333334,0.2395833333333333,96.0,23.0,reward_corruption_online_adaptation,clean,clean,heuristic_sjf_bestfit,SJF best-fit heuristic,7,0.0,,,,,,,
4.218576388888889,14.010416666666666,40.25,0.5657552083333334,0.2395833333333333,96.0,23.0,reward_corruption_online_adaptation,reward_corruption_online,high,heuristic_sjf_bestfit,SJF best-fit heuristic,7,0.0,,,,,,,
4.958159722222223,18.885416666666668,85.0,0.4557291666666667,0.3020833333333333,96.0,29.0,reward_corruption_online_adaptation,clean,clean,deeprm_inspired_pg,PG proxy,7,0.0,,,,,,,
5.051236979166667,19.43359375,85.0,0.4324544270833333,0.33203125,96.0,31.875,reward_corruption_online_adaptation,reward_corruption_online,high,deeprm_inspired_pg,PG proxy,7,1.8772541055359084,,,,,,1.2921707406640053,
3.408832465277777,12.47265625,70.53125,0.5804850260416666,0.1901041666666666,96.0,18.25,reward_corruption_online_adaptation,clean,clean,plain_dqn,DQN,7,0.0,,,,,,,
3.686393229166667,13.430989583333334,72.6875,0.5635579427083333,0.2174479166666666,96.0,20.875,reward_corruption_online_adaptation,reward_corruption_online,high,plain_dqn,DQN,7,8.142399684235333,,,,,,,
3.660915798611111,13.783854166666668,73.5,0.546630859375,0.2213541666666666,96.0,21.25,reward_corruption_online_adaptation,clean,clean,dqn_rnd,DQN+RND,7,0.0,0.0,,,,,,
3.6580512152777778,13.404947916666668,71.1875,0.5615234375,0.2122395833333333,96.0,20.375,reward_corruption_online_adaptation,reward_corruption_online,high,dqn_rnd,DQN+RND,7,-0.0782477251845061,0.0,,,,,,
3.045399305555556,11.416666666666666,64.75,0.5919596354166667,0.1783854166666666,96.0,17.125,reward_corruption_online_adaptation,clean,clean,psaim_lite,Simplified PSAIM,7,0.0,-0.0046237285305327,0.0162145943916181,0.0450801663100719,0.0045872377231717,0.6297345272535703,,
3.624717881944445,13.263020833333332,71.125,0.56005859375,0.21484375,96.0,20.625,reward_corruption_online_adaptation,reward_corruption_online,high,psaim_lite,Simplified PSAIM,7,19.02274605934498,-0.0040666636715718,0.0468974304802746,0.0575163029134273,0.0111368056386709,0.9344111833793544,,
4.218576388888889,14.010416666666666,40.25,0.5657552083333334,0.2395833333333333,96.0,23.0,reward_corruption_online_adaptation,clean,clean,heuristic_sjf_bestfit,SJF best-fit heuristic,8,0.0,,,,,,,
4.218576388888889,14.010416666666666,40.25,0.5657552083333334,0.2395833333333333,96.0,23.0,reward_corruption_online_adaptation,reward_corruption_online,high,heuristic_sjf_bestfit,SJF best-fit heuristic,8,0.0,,,,,,,
14.31371527777778,42.19791666666666,84.5,0.0963541666666666,0.8854166666666666,96.0,85.0,reward_corruption_online_adaptation,clean,clean,deeprm_inspired_pg,PG proxy,8,0.0,,,,,,,
13.235894097222223,39.33854166666667,80.84375,0.1181640625,0.84765625,96.0,81.375,reward_corruption_online_adaptation,reward_corruption_online,high,deeprm_inspired_pg,PG proxy,8,-7.529988962606272,,,,,,1.484903335571289,
3.0471354166666664,11.419270833333332,65.4375,0.593017578125,0.1783854166666666,96.0,17.125,reward_corruption_online_adaptation,clean,clean,plain_dqn,DQN,8,0.0,,,,,,,
3.695399305555555,13.057291666666666,67.65625,0.5718587239583334,0.2122395833333333,96.0,20.375,reward_corruption_online_adaptation,reward_corruption_online,high,plain_dqn,DQN,8,21.27453494003361,,,,,,,
3.5168836805555554,13.063802083333334,74.0,0.573486328125,0.19921875,96.0,19.125,reward_corruption_online_adaptation,clean,clean,dqn_rnd,DQN+RND,8,0.0,0.0,,,,,,
3.621788194444445,13.15234375,69.625,0.570556640625,0.2083333333333333,96.0,20.0,reward_corruption_online_adaptation,reward_corruption_online,high,dqn_rnd,DQN+RND,8,2.9828826716360872,0.0,,,,,,
3.655837673611111,13.658854166666668,72.875,0.5536295572916667,0.21875,96.0,21.0,reward_corruption_online_adaptation,clean,clean,psaim_lite,Simplified PSAIM,8,0.0,0.0438412590776229,0.0666383786840589,0.0318354277405887,0.0018745576962828,0.7284883639217995,,
3.5167751736111112,12.798177083333334,68.0625,0.57373046875,0.2018229166666666,96.0,19.375,reward_corruption_online_adaptation,reward_corruption_online,high,psaim_lite,Simplified PSAIM,8,-3.803847774855892,-6.34610839562249e-05,0.0195876388241515,0.0577518143691122,0.0049912314862012,0.9137601485433986,,
4.218576388888889,14.010416666666666,40.25,0.5657552083333334,0.2395833333333333,96.0,23.0,reward_corruption_online_adaptation,clean,clean,heuristic_sjf_bestfit,SJF best-fit heuristic,9,0.0,,,,,,,
4.218576388888889,14.010416666666666,40.25,0.5657552083333334,0.2395833333333333,96.0,23.0,reward_corruption_online_adaptation,reward_corruption_online,high,heuristic_sjf_bestfit,SJF best-fit heuristic,9,0.0,,,,,,,
4.641145833333334,17.84375,85.0,0.4876302083333333,0.2708333333333333,96.0,26.0,reward_corruption_online_adaptation,clean,clean,deeprm_inspired_pg,PG proxy,9,0.0,,,,,,,
4.815256076388889,18.55078125,85.0,0.4652506510416666,0.2942708333333333,96.0,28.25,reward_corruption_online_adaptation,reward_corruption_online,high,deeprm_inspired_pg,PG proxy,9,3.7514495193206776,,,,,,1.231612667441368,
3.584939236111111,13.236979166666666,73.9375,0.5670572916666667,0.2018229166666666,96.0,19.375,reward_corruption_online_adaptation,clean,clean,plain_dqn,DQN,9,0.0,,,,,,,
3.8737630208333336,13.602864583333332,72.78125,0.5689290364583333,0.2135416666666666,96.0,20.5,reward_corruption_online_adaptation,reward_corruption_online,high,plain_dqn,DQN,9,8.056588011671137,,,,,,,
3.377105034722222,12.770833333333332,73.5,0.56884765625,0.1979166666666666,96.0,19.0,reward_corruption_online_adaptation,clean,clean,dqn_rnd,DQN+RND,9,0.0,0.0,,,,,,
3.721072048611111,13.450520833333332,72.53125,0.5646158854166667,0.2109375,96.0,20.25,reward_corruption_online_adaptation,reward_corruption_online,high,dqn_rnd,DQN+RND,9,10.185262535584158,0.0,,,,,,
3.602864583333333,13.598958333333334,73.25,0.5487467447916667,0.2200520833333333,96.0,21.125,reward_corruption_online_adaptation,clean,clean,psaim_lite,Simplified PSAIM,9,0.0,0.0343066025580793,0.0398057190435186,0.0458174441009759,0.0,0.8592618553272469,,
3.600455729166667,13.13671875,70.71875,0.5641276041666667,0.2083333333333333,96.0,20.0,reward_corruption_online_adaptation,reward_corruption_online,high,psaim_lite,Simplified PSAIM,9,-0.0668594145283585,0.0184734603347309,0.0329234757117298,0.0593638503924012,0.0031376113183796,0.8920067058358254,,
8.404791124487753,23.444528574274216,135.98749999999995,0.38203125,0.1641296738505179,404.25,67.125,long_horizon_monotonic_drift,monotonic_drift,long_horizon,psaim_lite,Simplified PSAIM,0,0.0,0.0460477476864247,0.0510129746858881,0.0804621968418359,0.0,0.8888221862593255,,4.468840187590187
5.735264083248991,16.099678546677776,69.59374999999994,0.3974446614583333,0.1313093565743335,404.25,53.875,long_horizon_monotonic_drift,monotonic_drift,long_horizon,psaim_no_gate,"Simplified PSAIM, no gate",0,0.0,0.027550605361616,0.0668525737719423,0.0728474184870719,0.0006851404905319,1.0,,3.5156001984126988
8.770815784255252,24.136611583502983,135.09999999999982,0.3789225260416666,0.1670248252594348,404.25,68.375,long_horizon_monotonic_drift,monotonic_drift,long_horizon,psaim_no_freezing,"Simplified PSAIM, no freezing",0,0.0,0.0667721451812234,0.078393185451344,0.0735435914248228,0.0006501302123069,0.9065727353553752,,4.407670454545455
6.1608003951347285,17.27462802945624,84.625,0.4074544270833333,0.1308282816406664,407.875,54.25,long_horizon_monotonic_drift,monotonic_drift,long_horizon,psaim_lite,Simplified PSAIM,1,0.0,-0.0504542985017687,0.0724751494249328,0.0816162051633,0.0035723336040973,0.8076433416101144,,4.466914682539683
8.445008474890614,23.74815581895024,146.29999999999998,0.3878580729166666,0.1615595948800608,407.875,66.5,long_horizon_monotonic_drift,monotonic_drift,long_horizon,psaim_no_gate,"Simplified PSAIM, no gate",1,0.0,-0.0443720940418461,0.0429624057028938,0.0827758712694048,0.0015298519283533,1.0,,4.578869047619048
8.757213363791845,24.70886585402092,153.50624999999997,0.3898600260416667,0.1638004545324946,407.875,67.375,long_horizon_monotonic_drift,monotonic_drift,long_horizon,psaim_no_freezing,"Simplified PSAIM, no freezing",1,0.0,-0.0332893757285665,0.0351761679719645,0.081522119231522,0.0064643323421478,0.8420594663663205,,4.823074494949495
9.18202113353914,25.07327610964582,158.31249999999997,0.3768229166666667,0.1527644691963409,397.75,61.0,long_horizon_monotonic_drift,monotonic_drift,long_horizon,psaim_lite,Simplified PSAIM,2,0.0,0.0193678327162433,0.0380446283145253,0.0870600063353777,0.0040194271132349,0.9325553800746266,,4.6827141608391605
9.292020558533062,25.035812683027476,157.1375,0.3777669270833333,0.1520012205795667,397.75,60.625,long_horizon_monotonic_drift,monotonic_drift,long_horizon,psaim_no_gate,"Simplified PSAIM, no gate",2,0.0,-0.4488293179580728,0.0610673171647558,0.0877915900200605,0.0102530196309089,1.0,,4.879497585747586
8.928266041360525,24.09445183864308,133.03124999999997,0.3845865885416666,0.1488785912611132,397.75,59.5,long_horizon_monotonic_drift,monotonic_drift,long_horizon,psaim_no_freezing,"Simplified PSAIM, no freezing",2,0.0,0.0164380187387426,0.0421069803730901,0.0848702555522322,0.0061131212860345,0.8674077404650453,,5.294967532467533
9.16205330760564,25.631512923294853,144.22499999999997,0.3825358072916667,0.1916793401598114,416.875,80.375,long_horizon_monotonic_drift,monotonic_drift,long_horizon,psaim_lite,Simplified PSAIM,3,0.0,0.0238089222710261,0.0414493181224078,0.0843440322205424,0.0018964679911732,0.9146589598016854,,4.706845238095237
9.019029755800824,25.28052921623808,142.16249999999994,0.3847330729166666,0.1904130173587989,416.875,79.875,long_horizon_monotonic_drift,monotonic_drift,long_horizon,psaim_no_gate,"Simplified PSAIM, no gate",3,0.0,0.0037963972868654,0.0408111168610405,0.0840066196396946,0.0006284872069954,1.0,,4.9180465367965365
9.16002023913664,25.57655885136275,142.66249999999997,0.3840983072916666,0.188946852931725,416.875,79.25,long_horizon_monotonic_drift,monotonic_drift,long_horizon,psaim_no_freezing,"Simplified PSAIM, no freezing",3,0.0,0.0123035831715527,0.0338426218076252,0.0825731996446847,0.0033084792084991,0.9084812410464636,,5.379265873015873
9.230791702764831,25.797871710303877,174.1375,0.3918782552083333,0.1598815966479407,413.75,66.625,long_horizon_monotonic_drift,monotonic_drift,long_horizon,psaim_lite,Simplified PSAIM,4,0.0,0.0495500225956741,0.0591753340583056,0.083960329182446,0.0008996156975626,0.8948806680428827,,4.509171037296037
9.414383770587344,26.411588232236795,172.04999999999995,0.3938476562499999,0.1593290548768134,413.75,66.375,long_horizon_monotonic_drift,monotonic_drift,long_horizon,psaim_no_gate,"Simplified PSAIM, no gate",4,0.0,-0.061693510793464,0.0400972811298215,0.081442279741168,0.0019490933045744,1.0,,3.793306693306693
9.568627418952335,26.477466570617423,171.51874999999995,0.3940592447916666,0.1597072742692707,413.75,66.5,long_horizon_monotonic_drift,monotonic_drift,long_horizon,psaim_no_freezing,"Simplified PSAIM, no freezing",4,0.0,0.0258755143821138,0.041549885903373,0.0827934183180332,0.0031876508146524,0.9136487769307134,,3.7860795454545455
9.236817033069734,25.86022669131837,159.94374999999982,0.4006673177083333,0.1766671732850506,430.625,77.75,long_horizon_monotonic_drift,monotonic_drift,long_horizon,psaim_lite,Simplified PSAIM,5,0.0,0.014860721747391,0.0346034785906222,0.0855156667530536,0.0034634992480278,0.9033868980947368,,3.951785714285714
9.141510130263818,25.515764267796197,150.56249999999977,0.4012369791666667,0.1750465438258785,430.625,77.0,long_horizon_monotonic_drift,monotonic_drift,long_horizon,psaim_no_gate,"Simplified PSAIM, no gate",5,0.0,-0.1452984542827528,0.0366416331384517,0.0845683580264449,0.0032346881926059,1.0,,3.7990800865800862
9.505441976338112,26.21931159983956,163.97499999999985,0.4021158854166666,0.1785025581268249,430.625,78.5,long_horizon_monotonic_drift,monotonic_drift,long_horizon,psaim_no_freezing,"Simplified PSAIM, no freezing",5,0.0,0.0171263982516152,0.0249392254402234,0.0825272677466273,0.0014872420579195,0.93292016158879,,4.253050595238095
8.679056633269829,23.97211183301417,147.91249999999997,0.3858723958333333,0.1512218953939069,401.875,61.625,long_horizon_monotonic_drift,monotonic_drift,long_horizon,psaim_lite,Simplified PSAIM,6,0.0,0.004163689926228,0.0215570540483312,0.0780842127278447,0.0054616299457848,0.924600154358199,,5.258510933510934
8.352282712295604,22.89777612279828,128.6687499999998,0.3925618489583333,0.1460537732385009,401.875,60.0,long_horizon_monotonic_drift,monotonic_drift,long_horizon,psaim_no_gate,"Simplified PSAIM, no gate",6,0.0,-0.3391947558406024,0.0358581370611047,0.0863841250538826,0.0081108147278428,1.0,,4.814163961038961
8.850384764321772,24.67631632320311,152.4749999999998,0.3845703125,0.1540776445626004,401.875,62.875,long_horizon_monotonic_drift,monotonic_drift,long_horizon,psaim_no_freezing,"Simplified PSAIM, no freezing",6,0.0,-0.0054218027123924,0.0414809884675422,0.0790234403684735,0.0052412152290344,0.8960320868084484,,5.876366341991342
9.410946046123929,25.534271915690653,140.39374999999995,0.393603515625,0.1781050020575542,410.375,73.5,long_horizon_monotonic_drift,monotonic_drift,long_horizon,psaim_lite,Simplified PSAIM,7,0.0,0.015486974429263,0.0372512744825981,0.0820639943704009,0.003061918541789,0.8208318033026268,,5.433184523809524
9.35475822592034,25.420774297606325,146.9812499999999,0.3905924479166666,0.176267575558014,410.375,72.875,long_horizon_monotonic_drift,monotonic_drift,long_horizon,psaim_no_gate,"Simplified PSAIM, no gate",7,0.0,0.0086610158569394,0.0584766430711296,0.0809773248620331,0.0008593313395977,1.0,,5.716319444444444
9.47943392134498,25.7030249488353,147.54375,0.3903971354166666,0.1765177640827838,410.375,73.0,long_horizon_monotonic_drift,monotonic_drift,long_horizon,psaim_no_freezing,"Simplified PSAIM, no freezing",7,0.0,0.0563877315976979,0.0664980308845398,0.074743160046637,0.0014431569725275,0.9292685128750696,,5.688244047619048
9.069230134503734,25.147609062476857,161.82499999999987,0.3876627604166667,0.1667169003708796,411.875,68.875,long_horizon_monotonic_drift,monotonic_drift,long_horizon,psaim_lite,Simplified PSAIM,8,0.0,0.041396874073082,0.0467882225517257,0.0794423026964068,0.0,0.9002824115580443,,4.086607142857143
8.62272097137955,23.99542670324294,155.38124999999994,0.3914388020833333,0.1604367597747602,411.875,66.375,long_horizon_monotonic_drift,monotonic_drift,long_horizon,psaim_no_gate,"Simplified PSAIM, no gate",8,0.0,-0.2127408925908643,0.0301659734859887,0.0863266363739967,0.0046370006166398,1.0,,4.182291666666666
8.694981227999143,24.483636904100607,150.29374999999985,0.3936848958333333,0.1624816524987283,411.875,67.125,long_horizon_monotonic_drift,monotonic_drift,long_horizon,psaim_no_freezing,"Simplified PSAIM, no freezing",8,0.0,0.0139268394776395,0.0403949885388347,0.0845209723338484,0.0025486405938863,0.864544968374387,,4.905502136752137
7.555859579313916,21.037080942755235,124.78124999999972,0.377587890625,0.1378981161202564,393.875,55.0,long_horizon_monotonic_drift,monotonic_drift,long_horizon,psaim_lite,Simplified PSAIM,9,0.0,0.0157857066532627,0.0374645363750996,0.0849243747070431,0.004979221150279,0.8929217302014508,,5.248214285714286
8.022668425626865,22.27577318005345,134.83749999999992,0.3775716145833333,0.1451436297289062,393.875,58.0,long_horizon_monotonic_drift,monotonic_drift,long_horizon,psaim_no_gate,"Simplified PSAIM, no gate",9,0.0,-0.0714939438071973,0.0393232837091339,0.0833462588489055,0.0019704373553395,1.0,,4.893609515484515
7.918043342142226,21.78539254431865,138.51874999999993,0.3766276041666666,0.1464982835068571,393.875,58.5,long_horizon_monotonic_drift,monotonic_drift,long_horizon,psaim_no_freezing,"Simplified PSAIM, no freezing",9,0.0,0.0055838598831365,0.0358688843831466,0.0857859887182712,0.0067643737420439,0.9260865703595672,,5.068041333666334
